day,title,content,mission,helpfulHint,funFact
1,"Hallo! Greetings & The German Alphabet","## Willkommen! Lesson 1: Greetings, Farewells & The Alphabet\nWelcome to your very first day of learning German! Today, we'll start with the absolute basics that you'll use every single day.\n\n### Part 1: Greetings (Die Grüße)\nGermans appreciate politeness. Knowing how to greet people is your first step to making a good impression.\n\n**Formal Greetings (for strangers, older people, in business):**\n* `Guten Tag` - Good day (The most common formal greeting, usable all day)\n* `Guten Morgen` - Good morning (Used until about noon)\n* `Guten Abend` - Good evening\n* `Auf Wiedersehen` - Goodbye (Literally 'Until we see again')\n* `Guten Tag, Herr Schmidt.` (Hello, Mr. Schmidt.)\n* `Guten Morgen, Frau Meier.` (Good morning, Mrs. Meier.)\n\n**Informal Greetings (for friends, family, young people):**\n* `Hallo` - Hello (Very common, like in English)\n* `Hi` / `Hey` - Hi / Hey\n* `Tschüss` - Bye (The most common informal farewell)\n* `Ciao` - Bye (Borrowed from Italian, very common)\n\n### Part 2: The German Alphabet (Das deutsche Alphabet)\nGerman pronunciation is very consistent. Once you learn the rules, you can pronounce almost any word!\n\n* **A** - ah (like in 'father')\n* **B** - bay (like 'bay')\n* **C** - tsay (like 'cats')\n* **D** - day\n* **E** - ay (like in 'hay')\n* **F** - eff\n* **G** - gay (hard 'g' like in 'go')\n* **H** - hah\n* **I** - ee (like in 'see')\n* **J** - yot (like the 'y' in 'yes')\n* **K** - kah\n* **L** - ell\n* **M** - emm\n* **N** - enn\n* **O** - oh (like in 'open')\n* **P** - pay\n* **Q** - koo\n* **R** - err (often gargled in the back of the throat)\n* **S** - ess\n* **T** - tay\n* **U** - oo (like in 'moon')\n* **V** - fow (pronounced like an 'f')\n* **W** - vay (pronounced like a 'v')\n* **X** - iks\n* **Y** - ypsilon\n* **Z** - tset (like 'cats')\n\n**Special Characters (Umlaute):**\n* **Ä/ä** - ay (like in 'apple')\n* **Ö/ö** - oe (make an 'O' sound, but shape your lips like you're saying 'E')\n* **Ü/ü** - ue (make an 'U' sound, but shape your lips like you're saying 'E')\n* **ß** (Eszett) - A sharp 'ss' sound. Only exists as a lowercase letter.","1. Say `Guten Tag` to a stranger in your mind.\n2. Say `Hallo` and `Tschüss` to a friend or family member.\n3. Try to spell your own name out loud using the German alphabet sounds. `B-O-B` -> `bay-oh-bay`.","The biggest mix-ups for English speakers are `W` (sounds like 'V') and `V` (sounds like 'F'). The word for 'what' is `was`, pronounced 'vas'. The word for 'father' is `Vater`, pronounced 'Fah-ter'.","In Southern Germany (like Bavaria) and Austria, you'll often hear `Grüß Gott` as a formal greeting and `Servus` for both hello and bye informally."
2,"Who Are You? Introductions & Pronouns","## Lesson 2: Who Are You? Introductions & Pronouns\nToday, you'll learn how to introduce yourself and ask others who they are. This is a fundamental skill for any conversation.\n\n### Part 1: Introducing Yourself\nHere are the key phrases you need. We'll use the verbs `heißen` (to be called) and `sein` (to be).\n\n* `Ich heiße...` - My name is... (I am called...)\n* `Ich bin...` - I am...\n* `Mein Name ist...` - My name is...\n\n**Asking for someone's name:**\n* `Wie heißen Sie?` (Formal 'you') - What is your name?\n* `Wie heißt du?` (Informal 'you') - What is your name?\n* `Wer sind Sie?` (Formal) - Who are you?\n* `Wer bist du?` (Informal) - Who are you?\n\n**Example Dialogue (Informal):**\n> **Anna:** Hallo! Ich heiße Anna. Und du? Wie heißt du?\n> **Ben:** Hi Anna! Ich bin Ben.\n\n**Example Dialogue (Formal):**\n> **Herr Schmidt:** Guten Tag. Mein Name ist Schmidt. Wie heißen Sie?\n> **Frau Weber:** Guten Tag, Herr Schmidt. Ich heiße Weber.\n\n### Part 2: Where are you from?\n* `Ich komme aus...` - I come from...\n* `Ich wohne in...` - I live in...\n\n**Asking where someone is from:**\n* `Woher kommen Sie?` (Formal) - Where do you come from?\n* `Woher kommst du?` (Informal) - Where do you come from?\n* `Wo wohnen Sie?` (Formal) - Where do you live?\n* `Wo wohnst du?` (Informal) - Where do you live?\n\n**Example:**\n> `Ich komme aus Kanada, aber ich wohne jetzt in Berlin.`\n> (I come from Canada, but I live in Berlin now.)\n\n### Part 3: Formal 'Sie' vs. Informal 'du'\nThis is one of the most important concepts in German culture.\n\n* **`du` (you, informal):** Use with friends, family, children, pets, and people your age or younger.\n* **`Sie` (you, formal):** Use with strangers, people in positions of authority (police, doctors), in business settings, and generally with people older than you. It is ALWAYS capitalized.\n\n### Part 4: Personal Pronouns (Nominative)\nLet's meet the main characters of our sentences.\n* `ich` - I\n* `du` - you (informal)\n* `er` - he\n* `sie` - she\n* `es` - it\n* `wir` - we\n* `ihr` - you (plural, informal, like 'y'all')\n* `sie` - they\n* `Sie` - you (formal, singular and plural)\n\n**Wait, `sie` three times?!** Yes! Context is everything.\n* `sie kommt` - she comes\n* `sie kommen` - they come\n* `Sie kommen` - you (formal) come\nDon't worry, you'll get used to this!","1. Write down your own introduction: `Hallo, ich heiße [Your Name]. Ich komme aus [Your Country] und ich wohne in [Your City].`\n2. Practice it out loud!\n3. Think about 3 people you know. Would you use `du` or `Sie` with them?","When in doubt, always start with `Sie`. It's polite. The other person will likely invite you to use `du` if they feel comfortable by saying `Wir können du sagen` (We can say 'du').",""
3,"Numbers & How Are You?","## Lesson 3: Numbers & How Are You?\nToday is all about numbers and basic small talk. You'll learn how to count, give your phone number, and ask people how they're doing.\n\n### Part 1: Numbers 0-20 (Zahlen 0-20)\n* 0 - `null`\n* 1 - `eins`\n* 2 - `zwei`\n* 3 - `drei`\n* 4 - `vier`\n* 5 - `fünf`\n* 6 - `sechs`\n* 7 - `sieben`\n* 8 - `acht`\n* 9 - `neun`\n* 10 - `zehn`\n* 11 - `elf`\n* 12 - `zwölf`\n* 13 - `dreizehn` (three-ten)\n* 14 - `vierzehn`\n* 15 - `fünfzehn`\n* 16 - `sechzehn` (Note: the 's' from sechs is dropped)\n* 17 - `siebzehn` (Note: the 'en' from sieben is dropped)\n* 18 - `achtzehn`\n* 19 - `neunzehn`\n* 20 - `zwanzig`\n\n**Pronunciation Tip:** The `z` in `zwei` and `zwanzig` sounds like 'ts'.\n\n### Part 2: How are you? (Wie geht's?)\nThis is a cornerstone of daily conversation. The structure is a bit different from English. The literal translation is ""How goes it?"".\n\n**The Question:**\n* `Wie geht es Ihnen?` (Formal) - How are you?\n* `Wie geht es dir?` (Informal) - How are you?\n* `Wie geht's?` (Very informal, short for `Wie geht es?`)\n\n**The Answers:**\nThe answer often starts with `Es geht mir...` (It goes for me...).\n* `Sehr gut, danke.` - Very good, thanks.\n* `Gut, danke. Und Ihnen/dir?` - Good, thanks. And you?\n* `Es geht.` / `So lala.` - So-so. / Okay.\n* `Nicht so gut.` - Not so good.\n* `Schlecht.` - Bad.\n\n**Example Dialogue (Informal):**\n> **Ben:** Hallo Anna! Wie geht's?\n> **Anna:** Hi Ben! Mir geht's gut, danke! Und dir?\n> **Ben:** Auch gut! (Also good!)\n\n### Part 3: Numbers 21 and beyond (a preview)\nThe system is different from English. For 21, Germans say 'one and twenty'.\n`einundzwanzig` (one-and-twenty)\n`zweiundzwanzig` (two-and-twenty)\n...and so on. We'll practice this more later, but it's good to see it now!","1. Count from 0 to 20 out loud.\n2. Say your age: `Ich bin [your age] Jahre alt.` (I am ... years old.)\n3. Imagine you meet your German teacher. What do you say?\n    * You: `Guten Tag, Herr/Frau [Name].`\n    * Teacher: `Guten Tag! Wie geht es Ihnen?`\n    * You: `Mir geht's gut, danke. Und Ihnen?`","From 13-19, the structure is `(number) + zehn`. It's like '-teen' in English.","Unlike in some cultures where ""How are you?"" is just a greeting, in Germany, people might give you an honest, detailed answer, especially if you ask `Wie geht es dir?`. Be prepared!"
4,"The Verb 'sein' (to be)","## Lesson 4: The Most Important Verb: 'sein' (to be)\nThe verb `sein` is irregular, but it's the most common verb in German. You cannot live without it! Mastering it today will be a huge step forward.\n\n### Part 1: Conjugating 'sein'\nTo 'conjugate' a verb means to change its form to match the subject (the person doing the action).\n\n| Pronoun | `sein` (to be) | Example Sentence |\n|---|---|---|\n| `ich` (I) | `bin` | `Ich bin müde.` (I am tired.) |\n| `du` (you) | `bist` | `Du bist schnell.` (You are fast.) |\n| `er/sie/es` (he/she/it) | `ist` | `Er ist Lehrer.` (He is a teacher.) |\n| `wir` (we) | `sind` | `Wir sind hier.` (We are here.) |\n| `ihr` (you all) | `seid` | `Ihr seid laut.` (You all are loud.) |\n| `sie/Sie` (they/You) | `sind` | `Sie sind nett.` (They are nice. / You are nice.) |\n\n### Part 2: Using 'sein'\nYou use `sein` for many things, just like in English.\n**1. Identity & Profession:**\n* `Ich bin David.` (I am David.)\n* `Sie ist Ärztin.` (She is a doctor.)\n* `Wir sind Studenten.` (We are students.)\n\n**2. Adjectives (describing things):**\n* `Das Auto ist neu.` (The car is new.)\n* `Die Blumen sind schön.` (The flowers are beautiful.)\n* `Du bist sehr freundlich.` (You are very friendly.)\n\n**3. Location:**\n* `Ich bin zu Hause.` (I am at home.)\n* `Wo bist du?` (Where are you?)\n* `Wir sind in Deutschland.` (We are in Germany.)\n\n### Part 3: Simple Questions with 'sein'\nTo turn a statement into a yes/no question, you just swap the verb and the subject. This is called inversion.\n\n| Statement | Question |\n|---|---|\n| `Du bist müde.` (You are tired.) | `Bist du müde?` (Are you tired?) |\n| `Er ist aus Berlin.` (He is from Berlin.) | `Ist er aus Berlin?` (Is he from Berlin?) |\n| `Sie sind Studenten.` (They are students.) | `Sind sie Studenten?` (Are they students?) |\n\n**Possible Answers:**\n* `Ja, ich bin müde.` (Yes, I am tired.)\n* `Nein, er ist nicht aus Berlin.` (No, he is not from Berlin.)\n\n**The Magic Word `nicht`:** To make a sentence negative, you usually add `nicht` (not) after the verb.\n* `Ich bin nicht müde.` (I am not tired.)\n* `Das ist nicht teuer.` (That is not expensive.)","1. Memorize the conjugation of `sein`. Create flashcards or say it out loud 10 times.\n2. Create 5 of your own sentences using `sein`. (e.g., `Ich bin...`, `Das Wetter ist...`)\n3. Turn 2 of your sentences into questions.","Notice that `wir`, `sie`, and `Sie` all use the same form: `sind`. This makes things a bit easier!",""
5,"The Verb 'haben' (to have) & W-Questions","## Lesson 5: 'haben' (to have) & Asking Questions\nAfter `sein`, the verb `haben` (to have) is your next best friend. We'll learn how to use it and how to ask more detailed questions.\n\n### Part 1: Conjugating 'haben' (to have)\n`haben` is also an irregular verb. Pay close attention to the `du` and `er/sie/es` forms.\n\n| Pronoun | `haben` (to have) | Example Sentence |\n|---|---|---|\n| `ich` (I) | `habe` | `Ich habe Zeit.` (I have time.) |\n| `du` (you) | `hast` | `Du hast ein Auto.` (You have a car.) |\n| `er/sie/es` (he/she/it) | `hat` | `Sie hat eine Katze.` (She has a cat.) |\n| `wir` (we) | `haben` | `Wir haben Hunger.` (We are hungry.) |\n| `ihr` (you all) | `habt` | `Ihr habt eine Frage.` (You all have a question.) |\n| `sie/Sie` (they/You) | `haben` | `Sie haben Glück.` (They are lucky. / You are lucky.) |\n\n### Part 2: Using 'haben'\nYou use `haben` to talk about possession and many common states.\n* `Ich habe einen Bruder.` (I have a brother.)\n* `Wir haben eine Idee.` (We have an idea.)\n* `Er hat blaue Augen.` (He has blue eyes.)\n\n**Negation with `kein`:**\nWhen you want to say you *don't have* something (a noun), you use `kein` instead of `nicht`. `kein` is like ""not a"" or ""not any"". It changes its ending, but for now, just learn the basic forms.\n* `Ich habe ein Auto.` -> `Ich habe kein Auto.` (I don't have a car.)\n* `Ich habe Zeit.` -> `Ich habe keine Zeit.` (I have no time.)\n* `Ich habe Geld.` -> `Ich habe kein Geld.` (I have no money.)\n\n### Part 3: W-Questions (W-Fragen)\nThese are information questions. They are called W-Fragen because they all start with 'W' in German.\n\n* `Wer?` - Who? (`Wer ist das?` - Who is that?)\n* `Was?` - What? (`Was ist das?` - What is that?)\n* `Wo?` - Where? (`Wo wohnst du?` - Where do you live?)\n* `Woher?` - Where from? (`Woher kommst du?` - Where do you come from?)\n* `Wohin?` - Where to? (`Wohin gehst du?` - Where are you going?)\n* `Wann?` - When? (`Wann beginnt der Kurs?` - When does the course begin?)\n* `Warum?` - Why? (`Warum lernst du Deutsch?` - Why are you learning German?)\n* `Wie?` - How? (`Wie geht's?` - How's it going?)\n\n**Sentence Structure:** The structure for these questions is simple:\n**1. W-Word** + **2. Verb** + **3. Subject** + ...?\n* `Wo wohnst du?`\n* `Was machen Sie?` (What are you doing?)\n* `Wann habt ihr Zeit?` (When do you all have time?)","1. Conjugate `haben` out loud 5 times.\n2. Write 3 things you have (`Ich habe...`) and 2 things you don't have (`Ich habe kein/keine...`).\n3. Ask 3 different W-Questions. For example: `Wer ist das?`, `Wo ist der Bahnhof?` (Where is the train station?), `Was ist deine Telefonnummer?`","","In German, you ""have hunger"" (`Hunger haben`) and ""have thirst"" (`Durst haben`) instead of ""being"" hungry or thirsty.\n* `Ich habe Hunger!` - I'm hungry!\n* `Hast du Durst?` - Are you thirsty?"
6,"Nouns, Genders, and Articles (Nominative)","## Lesson 6: Nouns, Genders & The Nominative Case\nThis lesson is crucial. In German, every noun has a gender, and this affects the little words around it. It might seem strange, but you'll get the hang of it!\n\n### Part 1: The Three Genders\nEvery noun is either masculine, feminine, or neuter. The gender often has no logical connection to the object itself.\n\n* **Masculine:** `der`\n* **Feminine:** `die`\n* **Neuter:** `das`\n\n**Examples:**\n* `der Stuhl` (the chair) - masculine\n* `die Lampe` (the lamp) - feminine\n* `das Buch` (the book) - neuter\n\n**Gender Clues (but not perfect rules!):**\n* **Masculine (`der`):** Days, months, seasons (`der Montag`, `der Juli`, `der Sommer`). Words ending in `-er`, `-ling`, `-ismus`.\n* **Feminine (`die`):** Most words ending in `-e`, `-ung`, `-heit`, `-keit`, `-schaft`, `-ei`. (`die Schule`, `die Zeitung`).\n* **Neuter (`das`):** Words ending in `-chen`, `-lein` (diminutives, like 'little'), `-ment`, `-um`. (`das Mädchen` - the girl, `das Problemchen` - the little problem).\n\n**Wait, `das Mädchen` (the girl) is neuter?!** Yes. The `-chen` ending makes it neuter, overriding the natural gender. It's a rule you just have to accept!\n\n### Part 2: Definite and Indefinite Articles\n* **Definite Article ('the'):** Used when talking about a specific thing. (`der`, `die`, `das`)\n* **Indefinite Article ('a'/'an'):** Used when talking about a non-specific thing. (`ein`, `eine`)\n\nThis is for the **Nominative Case**. The Nominative case is used for the **subject** of a sentence (the person or thing *doing* the action).\n\n| Gender | Definite ('the') | Indefinite ('a'/'an') | Example |\n|---|---|---|---|\n| Masculine | `der` | `ein` | `Der Hund ist klein.` (The dog is small.) / `Ein Hund ist hier.` (A dog is here.) |\n| Feminine | `die` | `eine` | `Die Katze schläft.` (The cat is sleeping.) / `Eine Katze schläft.` (A cat is sleeping.) |\n| Neuter | `das` | `ein` | `Das Auto ist schnell.` (The car is fast.) / `Ein Auto ist schnell.` (A car is fast.) |\n| Plural | `die` | --- | `Die Bücher sind alt.` (The books are old.) |\n\n**Notice:** The indefinite article for masculine and neuter is the same: `ein`. There is no indefinite article for plurals (you can't say 'a books').\n\n### Part 3: Plurals (Die Plurale)\nGerman plurals can be tricky. There isn't one single rule. You have to learn the plural form with the noun.\n* Add `-e`: `der Tisch` -> `die Tische` (tables)\n* Add `-er`: `das Kind` -> `die Kinder` (children)\n* Add `-(e)n`: `die Frau` -> `die Frauen` (women)\n* Add `-s`: `das Auto` -> `die Autos` (cars)\n* No change: `der Lehrer` -> `die Lehrer` (teachers)","1. Pick 5 objects in your room. Look up their German name and gender online (e.g., on LEO or dict.cc).\n2. Write a sentence for each using the definite article (`Der Tisch ist braun.`).\n3. Write a sentence for three of them using the indefinite article (`Hier ist ein Tisch.`).","You MUST learn the gender with every new noun. Think of the noun and its article as a single unit: `der-Stuhl`, `die-Lampe`, `das-Buch`. It's not just `Stuhl`, it's `der Stuhl`.","The article for ALL plural nouns in the nominative case is `die`. This makes things a little easier! `die Tische`, `die Kinder`, `die Frauen`."
7,"Week 1 Review & Culture","## Lesson 7: Week 1 Review & Fun Quiz!\nWunderbar! You've made it through your first week. Today is about consolidating what you've learned and adding a little cultural context.\n\n### Part 1: Let's Review the Essentials\n**Greetings:**\n* Formal: `Guten Tag`, `Auf Wiedersehen`\n* Informal: `Hallo`, `Tschüss`\n\n**Key Verbs (ich/du/er forms):**\n* `sein` (to be): `ich bin`, `du bist`, `er ist`\n* `haben` (to have): `ich habe`, `du hast`, `er hat`\n* `heißen` (to be called): `ich heiße`, `du heißt`, `er heißt`\n\n**Key Questions:**\n* `Wie heißen Sie? / Wie heißt du?` (What's your name?)\n* `Woher kommen Sie? / Woher kommst du?` (Where are you from?)\n* `Wie geht es Ihnen? / Wie geht es dir?` (How are you?)\n* `Was ist das?` (What is that?)\n* `Wo ist...?` (Where is...?)\n\n**Noun Genders & Articles (Nominative):**\n* Masculine: `der` / `ein` (`der Tisch`, `ein Tisch`)\n* Feminine: `die` / `eine` (`die Lampe`, `eine Lampe`)\n* Neuter: `das` / `ein` (`das Buch`, `ein Buch`)\n* Plural: `die` / --- (`die Bücher`)\n\n### Part 2: Mini-Quiz!\nLet's see what you remember. Choose the correct option.\n\n1.  You meet an older woman, Frau Schneider, in the morning. What do you say?\n    a) `Tschüss, Frau Schneider.`\n    b) `Guten Morgen, Frau Schneider.`\n    c) `Hallo, Wie geht's?`\n\n2.  How do you ask a friend ""What is your name?""?\n    a) `Wie heißen Sie?`\n    b) `Wer bist du?`\n    c) `Wie heißt du?`\n\n3.  Fill in the blank: `Ich _____ einen Hund.`\n    a) `bin`\n    b) `habe`\n    c) `ist`\n\n4.  What is the correct article for `Buch` (book)?\n    a) `der`\n    b) `die`\n    c) `das`\n\n5.  How do you say ""I am not tired""?\n    a) `Ich bin nicht müde.`\n    b) `Ich habe nicht müde.`\n    c) `Ich kein müde bin.`\n\n*(Answers: 1-b, 2-c, 3-b, 4-c, 5-a)*\nHow did you do? Even if you made mistakes, reviewing them is how you learn!\n\n### Part 3: Cultural Tip - Formality and 'Sie' vs. 'du'\nWe touched on this, but it's worth repeating. The distinction between `Sie` (formal) and `du` (informal) is a big deal in German-speaking countries.\n\n* **Default to `Sie`:** With anyone you don't know, especially if they are older than you, in any service situation (shops, restaurants, government offices), and in any professional context. It shows respect.\n* **The Invitation:** An older person or a person of higher rank in a professional setting must be the one to offer the `du`. If your 60-year-old boss, who you've been calling `Herr Dr. Meier` for a year, says `Sagen Sie doch einfach Michael zu mir` (Just call me Michael), that's your cue. You can then switch to `du`.\n* **Online & Among Youth:** The use of `du` is much more common among young people and in online communities, but the formal `Sie` is still the default on professional networks like LinkedIn or in initial business emails.","1. Review the lessons from this week. Identify one topic you feel weakest on and spend 15 minutes on it.\n2. Try watching a short, simple German video for kids on YouTube (like 'Peppa Wutz' - Peppa Pig) and see how many words you can recognize!\n3. Relax! You've learned a lot. `Schönes Wochenende!` (Have a nice weekend!)","Using `du` when `Sie` is expected can be seen as rude or disrespectful. Using `Sie` when `du` is appropriate might seem a little stiff or distant, but it's much safer. Nobody will be offended if you are too polite.",""
8,"Regular Verbs in the Present Tense","## Lesson 8: Regular Verbs (Present Tense)\nToday, the world of German verbs opens up! You'll learn the simple, predictable pattern for most verbs in the present tense. This is a huge step that will allow you to form thousands of new sentences.\n\n### Part 1: The Infinitive and the Stem\nMost German verbs in their basic form (the infinitive) end in **-en**.\n* `machen` - to do/make\n* `lernen` - to learn\n* `wohnen` - to live/reside\n* `spielen` - to play\n* `kaufen` - to buy\n\nTo conjugate them, you first find the **verb stem**. You do this by removing the `-en` ending.\n* `machen` -> `mach-`\n* `lernen` -> `lern-`\n* `wohnen` -> `wohn-`\n\n### Part 2: The Magic Endings\nNow, you just add the correct ending to the stem based on the pronoun. The endings are almost always the same for regular verbs.\n\n| Pronoun | Ending | `machen` (to make) | `lernen` (to learn) |\n|---|---|---|---|\n| `ich` | `-e` | `ich mache` | `ich lerne` |\n| `du` | `-st` | `du machst` | `du lernst` |\n| `er/sie/es` | `-t` | `er macht` | `er lernt` |\n| `wir` | `-en` | `wir machen` | `wir lernen` |\n| `ihr` | `-t` | `ihr macht` | `ihr lernt` |\n| `sie/Sie` | `-en` | `sie machen` | `Sie lernen` |\n\n### Part 3: A Small Wrinkle - Verbs with Stems ending in -t, -d\nWhat happens if the stem ends in a `-t` or `-d`? For example, `arbeiten` (to work) has the stem `arbeit-`.\nIf you just add `-st` or `-t`, it's hard to pronounce (`arbeitst`, `arbeitt`).\nSo, we add an extra **-e-** for easier pronunciation.\n\nLet's conjugate `arbeiten` (to work):\n* `ich arbeite`\n* `du arbeit**e**st` (See the extra 'e'?)\n* `er/sie/es arbeit**e**t` (And here!)\n* `wir arbeiten`\n* `ihr arbeit**e**t` (And here!)\n* `sie/Sie arbeiten`\n\nThis also applies to verbs with stems ending in `-m` or `-n` if they follow certain consonants, like `öffnen` (to open) -> `er öffnet`.\n\n### Part 4: Building Sentences\nNow you can describe what people are doing!\n* `Ich lerne Deutsch.` (I am learning German.)\n* `Wir wohnen in London.` (We live in London.)\n* `Was machst du?` (What are you doing?)\n* `Er kauft ein Buch.` (He is buying a book.)\n* `Sie spielen Fußball.` (They are playing football.)","1. Pick two new regular verbs: `kochen` (to cook) and `fragen` (to ask).\n2. Write out the full conjugation for both verbs.\n3. Create three sentences using any of the regular verbs you learned today. Example: `Ich koche Suppe.` (I'm cooking soup.)","Look for the patterns!\n* `ich` always ends in `-e`.\n* `wir` and `sie/Sie` are the same as the infinitive (they keep the `-en`).\n* `er/sie/es` and `ihr` have the same ending: `-t`.",""
9,"The Accusative Case: The Direct Object","## Lesson 9: The Accusative Case\nGet ready for another core concept of German grammar: the Accusative Case. It sounds complicated, but the basic idea is simple. It's used for the **direct object** of a sentence.\n\n### Part 1: What is a Direct Object?\nThe direct object is the thing or person that *receives* the action of the verb.\nTo find it, ask ""(Subject) (verb) what/whom?""\n* I see the dog. -> I see what? -> **the dog**. (`the dog` is the direct object).\n* He buys the bread. -> He buys what? -> **the bread**. (`the bread` is the direct object).\n* She loves the man. -> She loves whom? -> **the man**. (`the man` is the direct object).\n\nIn German, when a noun is a direct object, it is in the **accusative case**.\n\n### Part 2: The Good News! (And the One Change)\nFor the accusative case, only the **masculine** articles change. Feminine, neuter, and plural articles stay exactly the same as in the nominative case.\n\nThis is the 80/20 rule in action. You only need to learn one new thing to be correct most of the time!\n\n**Article Changes in the Accusative Case:**\n\n| Gender | Nominative (Subject) | Accusative (Direct Object) | Example |\n|---|---|---|---|\n| **Masculine** | `der` / `ein` | **`den` / `einen`** | `Ich sehe **den** Hund.` / `Ich sehe **einen** Hund.` |\n| Feminine | `die` / `eine` | `die` / `eine` | `Ich sehe **die** Katze.` / `Ich sehe **eine** Katze.` |\n| Neuter | `das` / `ein` | `das` / `ein` | `Ich sehe **das** Buch.` / `Ich sehe **ein** Buch.` |\n| Plural | `die` / --- | `die` / --- | `Ich sehe **die** Bücher.` |\n\n**The only thing you must memorize today is: `der` -> `den` and `ein` -> `einen`.**\n\n### Part 3: Common Verbs that use the Accusative\nMany of the most common verbs take an accusative object.\n* `haben` (to have): `Ich habe **einen** Stift.` (I have a pen.)\n* `sehen` (to see): `Siehst du **den** Mond?` (Do you see the moon?)\n* `kaufen` (to buy): `Wir kaufen **den** Tisch.` (We are buying the table.)\n* `lesen` (to read): `Er liest **einen** Roman.` (He is reading a novel.)\n* `brauchen` (to need): `Ich brauche **einen** Kaffee.` (I need a coffee.)\n* `essen` (to eat): `Ich esse **einen** Apfel.` (I am eating an apple.)\n* `trinken` (to drink): `Sie trinkt **den** Saft.` (She is drinking the juice.)","1. Say this 10 times: `der wird zu den` (der becomes den).\n2. Complete the sentences with the correct article (`den`, `die`, or `das`).\n    * `Ich kaufe ______ Apfel (m).`\n    * `Er liest ______ Buch (n).`\n    * `Wir sehen ______ Frau (f).`\n    * `Hast du ______ Schlüssel (m)?` (Do you have the key?)\n3. Create one sentence of your own about something you have. `Ich habe ...`\n\n*(Answers: den, das, die, den)*","If you can replace the noun with ""him"", it's likely accusative. ""I see the dog"" -> ""I see him"". This works for masculine nouns.",""
10,"Irregular Verbs: 'sprechen', 'nehmen', 'treffen'","## Lesson 10: Irregular Verbs (Stem-Changing Verbs)\nJust when you thought you had verbs figured out, we have to talk about irregular verbs! Don't worry. They aren't totally random. They follow patterns, too. Today we'll look at a very common pattern: verbs that change their stem vowel.\n\n### Part 1: The Stem-Vowel Change\nThese verbs are regular for `ich`, `wir`, `ihr`, and `sie/Sie`.\nThe irregularity, the **vowel change**, only happens in the **`du`** and **`er/sie/es`** forms.\n\nThis is often called the ""boot"" or ""shoe"" verb pattern, because if you draw a line around the forms that change (`ich`, `du`, `er/sie/es`, and `ihr`), it looks like a boot. But the change is only in `du` and `er/sie/es`.\n\n**Common change: `e` -> `i` or `e` -> `ie`**\n\n### Part 2: Example Verb: `sprechen` (to speak)\nThe stem vowel is `e`. It changes to `i`.\n\n| Pronoun | Conjugation | Change? |\n|---|---|---|\n| `ich` | `spreche` | No |\n| `du` | `spr**i**chst` | **Yes!** |\n| `er/sie/es` | `spr**i**cht` | **Yes!** |\n| `wir` | `sprechen` | No |\n| `ihr` | `sprecht` | No |\n| `sie/Sie` | `sprechen` | No |\n\n**Example Sentences:**\n* `Ich spreche Englisch.` (I speak English.)\n* `Sprichst du Deutsch?` (Do you speak German?)\n* `Er spricht sehr schnell.` (He speaks very fast.)\n\nOther verbs like this:\n* `geben` (to give): `du gibst`, `er gibt`\n* `helfen` (to help): `du hilfst`, `er hilft`\n* `treffen` (to meet): `du triffst`, `er trifft` (`Ich treffe einen Freund.` - I'm meeting a friend.)\n* `nehmen` (to take): `du nimmst`, `er nimmt` (This one is extra irregular!)\n\n### Part 3: Example Verb: `lesen` (to read)\nThe stem vowel `e` changes to `ie`.\n\n| Pronoun | Conjugation | Change? |\n|---|---|---|\n| `ich` | `lese` | No |\n| `du` | `l**ie**st` | **Yes!** |\n| `er/sie/es` | `l**ie**st` | **Yes!** |\n| `wir` | `lesen` | No |\n| `ihr` | `lest` | No |\n| `sie/Sie` | `lesen` | No |\n\n**Example Sentences:**\n* `Was liest du?` (What are you reading?)\n* `Sie liest die Zeitung.` (She is reading the newspaper.)\n\nAnother common verb like this:\n* `sehen` (to see): `du siehst`, `er sieht`\n\n### Part 4: Example Verb: `fahren` (to drive/go)\nAnother pattern: `a` -> `ä`\n* `ich fahre`\n* `du f**ä**hrst`\n* `er f**ä**hrt`\n* `wir fahren`\n* `ihr fahrt`\n* `sie fahren`","1. Memorize the `du` and `er/sie/es` forms for `sprechen`, `lesen`, and `fahren`.\n2. Fill in the blank with the correct verb form:\n    * `Er ______ (sprechen) Deutsch.`\n    * `______ (lesen) du das Buch?`\n    * `Anna ______ (fahren) nach Berlin.`\n3. Answer the question in a full sentence: `Sprichst du Deutsch?`\n\n*(Answers: spricht, Liest, fährt. Your answer to #3 should be `Ja, ich spreche ein bisschen Deutsch.` (Yes, I speak a little German) or `Nein, ich lerne Deutsch.` (No, I am learning German).)*","There's no way to know for sure if a verb is irregular just by looking at it. You have to learn them. The good news is that many of the most-used verbs are irregular, so you will get a lot of practice with them naturally.",""
11,"Ordering Food & Drinks","## Lesson 11: Ordering Food & Drinks\nToday, we get practical! Let's learn how to survive in a German café or restaurant. This lesson is all about the phrases you need to order food and drinks, and to pay the bill.\n\n### Part 1: Getting Attention and Taking a Seat\nWhen you enter a restaurant (unless it's very fancy), you can usually choose your own table.\n* `Ein Tisch für zwei, bitte.` - A table for two, please.\nThe waiter (Kellner/Kellnerin) will come to your table. They might say:\n* `Hallo! Was möchten Sie bestellen?` - Hello! What would you like to order?\n* `Kann ich Ihnen helfen?` - Can I help you?\n\n### Part 2: The Magic Phrase: `Ich hätte gern...`\nThe most polite and common way to order something is using the phrase `Ich hätte gern...`, which means ""I would like to have..."". It's much more polite than `Ich will...` (I want...).\n\n* `Ich hätte gern einen Kaffee.` - I would like a coffee.\n* `Ich hätte gern eine Cola.` - I would like a coke.\n* `Ich hätte gern ein Wasser.` - I would like a water.\n\nNotice the accusative case in action! `einen Kaffee` (m), `eine Cola` (f), `ein Wasser` (n).\n\nYou can also use `Ich nehme...` (I'll take...).\n* `Ich nehme die Pizza.` - I'll take the pizza.\n\n**Useful Vocabulary:**\n* `die Speisekarte` - the menu\n* `das Frühstück` - breakfast\n* `das Mittagessen` - lunch\n* `das Abendessen` - dinner\n* `die Vorspeise` - appetizer\n* `das Hauptgericht` - main course\n* `der Nachtisch` / `das Dessert` - dessert\n* `das Getränk` - the drink\n* `Wasser mit/ohne Kohlensäure` - water with/without fizz\n* `das Bier` - beer\n* `der Wein` - wine\n\n### Part 3: During the Meal\nThe waiter might ask if everything is okay:\n* `Schmeckt's?` / `Alles in Ordnung?` - How does it taste? / Is everything okay?\nYou can answer:\n* `Ja, sehr gut!` / `Lecker!` - Yes, very good! / Delicious!\n\nIf you want something else:\n* `Entschuldigung!` - Excuse me!\n* `Ich hätte gern noch ein Bier, bitte.` - I'd like another beer, please.\n\n### Part 4: Paying the Bill (Die Rechnung)\nIn Germany, you almost always have to ask for the bill. The waiter won't bring it automatically.\n* `Die Rechnung, bitte!` - The bill, please!\n* `Wir möchten bezahlen, bitte.` - We would like to pay, please.\n\nThe waiter will likely ask:\n* `Zusammen oder getrennt?` - Together or separate?\nThis is very common, even on dates! It's normal to pay separately.\n* If together: `Zusammen, bitte.`\n* If separate: `Getrennt, bitte.`","1. Memorize: `Ich hätte gern...` and `Die Rechnung, bitte.`\n2. Practice ordering three things: a coffee (der Kaffee), a tea (der Tee), and an apple strudel (der Apfelstrudel). Remember your articles!\n3. Role-play! You are at a café. Your bill is €8.20. You want to pay €9. What do you say to the waiter?\n\n*(Answer to #2: Ich hätte gern einen Kaffee, einen Tee und einen Apfelstrudel. Answer to #3: You would hand them a €10 note and say `Neun, bitte` or just `Neun`.)*","","Tipping is appreciated but not obligatory in the same way as in the US. The service charge is included in the price. A typical tip is 5-10%, or simply rounding up the bill to a convenient number.\nIf the bill is €18.50, you can just say `Machen Sie zwanzig` (€20) or just `Zwanzig`. This means ""Make it 20"", and the waiter will keep the change.\nYou can also say `Stimmt so` if you want to give the exact change as a tip (e.g., bill is €18.50, you give a €20 note and say `Stimmt so`, meaning 'it's okay like that', and you don't expect change)."
12,"Telling Time","## Lesson 12: Telling Time (Wie spät ist es?)\nKnowing how to tell the time is essential for making appointments and understanding schedules. German has two ways of telling time: the official way (like for train schedules) and the informal, everyday way.\n\n### Part 1: Asking for the Time\n* `Wie spät ist es?` - How late is it? (What time is it?)\n* `Wie viel Uhr ist es?` - How much o'clock is it? (What time is it?)\n\n### Part 2: Official Time (24-Hour Clock)\nThis is the easy one. It's used for official announcements, TV schedules, and travel. You simply state the hour, then the word `Uhr`, then the minutes.\n\n* 10:00 -> `Es ist zehn Uhr.`\n* 14:30 -> `Es ist vierzehn Uhr dreißig.`\n* 08:15 -> `Es ist acht Uhr fünfzehn.`\n* 20:45 -> `Es ist zwanzig Uhr fünfundvierzig.`\n\n**Example:** `Der Zug fährt um 13:05 Uhr.` (The train leaves at 13:05.)\nThe preposition for a specific time is `um`.\n\n### Part 3: Informal Time (12-Hour Clock)\nThis is how people actually talk. It's a bit more complex, but it follows a clear logic. It's based on the relationship to the half-hour and full hour.\n\n**Key Vocabulary:**\n* `viertel` - quarter\n* `halb` - half\n* `nach` - after / past\n* `vor` - before / to\n\n**The System:**\n* **7:05** -> `fünf **nach** sieben` (five past seven)\n* **7:10** -> `zehn **nach** sieben` (ten past seven)\n* **7:15** -> `**viertel** nach sieben` (quarter past seven)\n* **7:20** -> `zwanzig nach sieben` OR `zehn **vor** halb acht` (ten to half past seven)\n* **7:25** -> `fünf **vor** halb acht` (five to half past seven)\n\n**The Tricky Part: The Half Hour**\n* **7:30** -> `**halb** acht` (half EIGHT)\nThis is the most important and confusing rule for English speakers. In German, `halb` refers to the *next* hour. `halb acht` means you are halfway *to* 8 o'clock.\n\n* **7:35** -> `fünf **nach** halb acht` (five past half eight)\n* **7:40** -> `zwanzig **vor** acht` (twenty to eight) OR `zehn nach halb acht`\n* **7:45** -> `**viertel** vor acht` (quarter to eight)\n* **7:50** -> `zehn **vor** acht` (ten to eight)\n* **8:00** -> `acht Uhr` or `punkt acht` (eight o'clock sharp)","1. Memorize `halb acht` means 7:30. This is the key!\n2. Write down the informal time for the following:\n    * 3:15\n    * 9:30\n    * 10:45\n    * 2:05\n3. What time is it right now? Try to say it in both official and informal German.\n\n*(Answers: viertel nach drei, halb zehn, viertel vor elf, fünf nach zwei)*","Think of the clock face. Everything from :01 to :29 is `nach` the past hour. Everything from :31 to :59 is `vor` the next hour. And `halb` always looks ahead.","In some parts of Germany (east and south), you might hear `viertel acht` for 7:15 and `dreiviertel acht` (three-quarters of eight) for 7:45. It's a regional variation!"
13,"Days, Months, and Schedules","## Lesson 13: Days, Months, and Seasons\nToday we'll learn the vocabulary for organizing our lives: days of the week, months of the year, and how to talk about when things happen.\n\n### Part 1: Days of the Week (Die Wochentage)\nGood news! They are all **masculine** (`der`).\n* `der Montag` - Monday\n* `der Dienstag` - Tuesday\n* `der Mittwoch` - Wednesday\n* `der Donnerstag` - Thursday\n* `der Freitag` - Friday\n* `der Samstag` - Saturday (also `der Sonnabend` in northern/eastern Germany)\n* `der Sonntag` - Sunday\n\n**Useful Words:**\n* `heute` - today\n* `morgen` - tomorrow\n* `gestern` - yesterday\n* `übermorgen` - the day after tomorrow\n* `vorgestern` - the day before yesterday\n* `die Woche` - the week\n* `das Wochenende` - the weekend\n\n**Talking about days:**\nTo say something happens *on* a certain day, use the preposition `am` (which is a contraction of `an + dem`).\n* `Am Montag lerne ich Deutsch.` - On Monday, I learn German.\n* `Was machst du am Wochenende?` - What are you doing on the weekend?\n* `Heute ist Freitag.` - Today is Friday.\n\n### Part 2: Months of the Year (Die Monate)\nMore good news! They are also all **masculine** (`der`).\n* `der Januar`\n* `der Februar`\n* `der März`\n* `der April`\n* `der Mai`\n* `der Juni`\n* `der Juli`\n* `der August`\n* `der September`\n* `der Oktober`\n* `der November`\n* `der Dezember`\n\nTo say something happens *in* a certain month, use the preposition `im` (a contraction of `in + dem`).\n* `Im Juli fahre ich nach Italien.` - In July, I'm going to Italy.\n* `Ich habe im Oktober Geburtstag.` - My birthday is in October.\n\n### Part 3: The Four Seasons (Die vier Jahreszeiten)\nYou guessed it! They are also all **masculine** (`der`).\n* `der Frühling` - Spring\n* `der Sommer` - Summer\n* `der Herbst` - Autumn / Fall\n* `der Winter` - Winter\n\nThe preposition is also `im`.\n* `Im Winter ist es kalt.` - In winter, it is cold.\n\n### Part 4: Ordinal Numbers (First, Second, Third...)\nTo give a specific date, you need ordinal numbers.\nFor numbers 1-19, you add **-te**. For 20 and above, you add **-ste**.\n* `heute ist der 4.` (vierte) -> `heute ist der vierte`\n* `heute ist der 21.` (einundzwanzigste) -> `heute ist der einundzwanzigste`\n\n**Exceptions:**\n* 1st: `erste`\n* 3rd: `dritte`\n* 7th: `siebte`\n\nWhen writing the date in a sentence, the ending changes.\n`Ich habe am **dritten** Oktober Geburtstag.` - My birthday is on the third of October.\n`Der Termin ist am **zehnten** Mai.` - The appointment is on the tenth of May.","1. Say all the days of the week and months of the year out loud.\n2. Answer the question: `Was ist dein Lieblingstag?` (What is your favorite day?) -> `Mein Lieblingstag ist...`\n3. Write down your birthday in a full German sentence: `Ich habe am [number with -ten/-sten] [month] Geburtstag.`\n4. What is the date today? `Heute ist der [number with -te/-ste] [month].`","",""
14,"Week 2 Review & Culture","## Lesson 14: Week 2 Review & Dialogue Practice\nCongratulations on finishing your second week! You've learned how to build real sentences and talk about daily life. Let's review and put it all together.\n\n### Part 1: Let's Review the Essentials\n**Regular Verbs:**\n* Stem + ending (`-e, -st, -t, -en, -t, -en`).\n* Example `machen`: `ich mache, du machst, er macht...`\n\n**Irregular Verbs (Stem-Changing):**\n* Vowel change only for `du` and `er/sie/es`.\n* `sprechen` -> `du sprichst, er spricht`\n* `lesen` -> `du liest, er liest`\n* `fahren` -> `du fährst, er fährt`\n\n**The Accusative Case:**\n* Used for the direct object (the receiver of the action).\n* The only important change: **Masculine `der` -> `den`** and **`ein` -> `einen`**.\n* `Ich sehe den Hund.` `Ich habe einen Stift.`\n\n**Time & Dates:**\n* Asking for time: `Wie spät ist es?`\n* Informal time: `viertel nach`, `halb`, `viertel vor`. Remember `halb neun` is 8:30!\n* Prepositions: `um` for time (`um 8 Uhr`), `am` for days (`am Montag`), `im` for months (`im Juli`).\n\n### Part 2: Dialogue Practice\nLet's combine everything into a short conversation. Read it out loud and try to understand what's happening.\n\n**Setting:** Anna and Ben meet on the street.\n\n> **Anna:** Hallo Ben! Wie geht's?\n>\n> **Ben:** Hi Anna! Gut, danke. Ich gehe einkaufen. Ich brauche einen Apfel und eine Banane. Und du? Was machst du heute?\n>\n> **Anna:** Ich treffe meine Freundin Maria. Wir gehen ins Kino.\n>\n> **Ben:** Super! Wann trefft ihr euch?\n>\n> **Anna:** Wir treffen uns um halb acht. Der Film beginnt um acht Uhr.\n>\n> **Ben:** Ah, okay. Welchen Film seht ihr?\n>\n> **Anna:** Wir sehen den neuen James Bond Film. Liest du gern die Bücher?\n>\n> **Ben:** Nein, ich lese nicht gern. Ich spiele lieber Fußball. Am Samstag habe ich ein Spiel.\n>\n> **Anna:** Viel Glück! Dann bis bald!\n>\n> **Ben:** Ja, tschüss!\n\n**Comprehension Questions:**\n1.  What does Ben need to buy? (`einen Apfel und eine Banane`)\n2.  What time is Anna meeting her friend? (`um halb acht` -> 7:30)\n3.  What does Ben do on Saturday? (`Er spielt Fußball.` / `Er hat ein Spiel.`)\n\n### Part 3: Cultural Tip - Pünktlichkeit (Punctuality)\nThe stereotype is true: Germans value punctuality very highly. It is a sign of respect for the other person's time.\n\n* **Be on time:** For business meetings, appointments with doctors, and invitations to someone's home, 'on time' means being there exactly at the agreed-upon time, or even 2-5 minutes early. Being 10 minutes late without a very good reason (and a phone call to explain) is considered rude.\n* **Casual Meetups:** If you're meeting friends at a park or a bar, the rules are a bit more relaxed, but being more than 15 minutes late (the 'akademisches Viertel' or academic quarter) is still frowned upon.\n* **Public Transport:** German trains and buses are famous for being on time, and schedules are planned to the minute. If your train is late, it's a big deal and will be announced.","1. Review the dialogue and read it out loud, playing both parts.\n2. Write a short dialogue (4-6 lines) between two friends planning to meet for a coffee. Use a day, a time, and the accusative case.\n3. Relax and enjoy your `Wochenende`! You've earned it.","If you know you are going to be late, always call or send a message to let the person know. It shows that you respect their time, even if you can't be there. Example message: `Hallo, es tut mir leid, aber ich verspäte mich um ca. 10 Minuten.` (Hello, I'm sorry, but I will be about 10 minutes late.)",""
15,"The Dative Case: The Indirect Object","## Lesson 15: The Dative Case\nToday we tackle the third German case: the Dative. The dative case is typically used for the **indirect object** of a sentence. It answers the question ""To whom?"" or ""For whom?"" the action is done.\n\n### Part 1: What is an Indirect Object?\nThe indirect object is the recipient of the direct object.\n* I give **the man** the book.\n    * What do I give? The book (direct object, accusative).\n    * To whom do I give the book? **To the man** (indirect object, dative).\n* She shows **me** the photo.\n    * What does she show? The photo (direct object, accusative).\n    * To whom does she show the photo? **To me** (indirect object, dative).\n\n### Part 2: Article Changes in the Dative\nUnlike the accusative, the dative case changes the articles for **all** genders. This looks intimidating, but there's a pattern.\n\n| Gender | Nominative (Subj.) | Accusative (Dir. Obj.) | Dative (Ind. Obj.) |\n|---|---|---|---|\n| Masculine | `der` / `ein` | `den` / `einen` | **`dem` / `einem`** |\n| Feminine | `die` / `eine` | `die` / `eine` | **`der` / `einer`** |\n| Neuter | `das` / `ein` | `das` / `ein` | **`dem` / `einem`** |\n| Plural | `die` / --- | `die` / --- | **`den ...n` / `keinen`** |\n\n**Observations & Mnemonics:**\n* Masculine and Neuter are the same in the dative: `dem` / `einem`.\n* Feminine `die` becomes `der`. This is confusing, but you'll get used to it.\n* **Plural is special:** The article becomes `den` and you must add an **-n** to the end of the noun if it doesn't already have one.\n    * `die Kinder` (the children) -> `Ich helfe **den Kindern**.` (I help the children.)\n    * `die Leute` (the people) -> `Er gibt **den Leuten** das Geld.` (He gives the people the money.)\n\n### Part 3: Common Verbs and Prepositions that use the Dative\nSome verbs *always* take a dative object, even without a direct object.\n* `helfen` (to help): `Ich helfe **dir**.` (I help you.)\n* `danken` (to thank): `Ich danke **Ihnen**.` (I thank you (formal).)\n* `gefallen` (to be pleasing to): `Das Buch gefällt **mir**.` (The book pleases me / I like the book.)\n* `schmecken` (to taste good to): `Die Pizza schmeckt **dem Kind**.` (The pizza tastes good to the child.)\n* `gehören` (to belong to): `Das Auto gehört **dem Mann**.` (The car belongs to the man.)\n\n**Dative Prepositions:** Certain prepositions are always followed by the dative case.\n* `mit` (with): `Ich fahre **mit dem** Bus.` (I'm going with the bus.)\n* `nach` (after, to): `Nach **der** Schule gehe ich nach Hause.` (After school I go home.)\n* `aus` (from): `Er kommt **aus der** Schweiz.` (He comes from Switzerland.)\n* `zu` (to): `Wir gehen **zum** (zu dem) Arzt.` (We are going to the doctor.)\n* `von` (from, by): `Ein Geschenk **von meiner** Mutter.` (A gift from my mother.)\n* `bei` (at, near): `Ich bin **bei meinem** Freund.` (I am at my friend's place.)\n* `seit` (since): `Ich lerne seit **einem** Jahr Deutsch.` (I have been learning German for one year.)","1. Create a small chant: `dem, der, dem, den+n`. Say it 10 times. This is the dative definite article pattern (m, f, n, pl).\n2. Fill in the blank with the correct dative article (`dem`, `der`, or `den`).\n    * `Ich helfe ______ Mann (m).`\n    * `Das Geschenk ist von ______ Frau (f).`\n    * `Wir spielen mit ______ Kindern (pl).`\n3. Try to form a sentence using `gefallen`. `[Something] gefällt mir.` (e.g., `Die Musik gefällt mir.`)","",""
16,"Modal Verbs I: 'können' & 'wollen'","## Lesson 16: Modal Verbs I ('können' and 'wollen')\nModal verbs are helper verbs. They 'modify' the main verb in a sentence to express ability, permission, desire, or necessity. They are extremely common and useful. Today we'll learn the first two: `können` (can/to be able to) and `wollen` (to want to).\n\n### Part 1: The Golden Rule of Modal Verbs\nWhen you use a modal verb, two things happen to the sentence structure:\n1.  The **modal verb is conjugated** and placed in the **second position** (where the verb normally goes).\n2.  The **main verb** is **NOT conjugated**. It goes to the very **end of the sentence** in its infinitive form (-en).\n\n**Structure:** Subject + **Modal Verb** + ... other information ... + **Main Verb (infinitive)**.\n* `Ich lerne Deutsch.` (I learn German.)\n* `Ich **kann** Deutsch **lernen**.` (I can learn German.)\n* `Du kaufst ein Auto.` (You buy a car.)\n* `Du **willst** ein Auto **kaufen**.` (You want to buy a car.)\n\n### Part 2: Conjugating 'können' (can, to be able to)\nModal verbs have their own irregular conjugation pattern. The `ich` and `er/sie/es` forms are the same!\n\n| Pronoun | `können` | Example |\n|---|---|---|\n| `ich` | `kann` | `Ich kann schwimmen.` (I can swim.) |\n| `du` | `kannst` | `Kannst du mir helfen?` (Can you help me?) |\n| `er/sie/es` | `kann` | `Er kann gut kochen.` (He can cook well.) |\n| `wir` | `können` | `Wir können heute Abend kommen.` (We can come tonight.) |\n| `ihr` | `könnt` | `Was könnt ihr machen?` (What can you all do?) |\n| `sie/Sie` | `können` | `Sie können hier parken.` (They/You can park here.) |\n\n### Part 3: Conjugating 'wollen' (to want to)\n`wollen` is very direct. It's stronger than `ich möchte` or `ich hätte gern`. It's used for expressing a firm intention or desire.\n\n| Pronoun | `wollen` | Example |\n|---|---|---|\n| `ich` | `will` | `Ich will Deutsch lernen.` (I want to learn German.) |\n| `du` | `willst` | `Was willst du trinken?` (What do you want to drink?) |\n| `er/sie/es` | `will` | `Sie will nach Hause gehen.` (She wants to go home.) |\n| `wir` | `wollen` | `Wir wollen eine Pizza bestellen.` (We want to order a pizza.) |\n| `ihr` | `wollt` | `Wollt ihr ins Kino gehen?` (Do you all want to go to the cinema?) |\n| `sie/Sie` | `wollen` | `Sie wollen ein neues Auto kaufen.` (They/You want to buy a new car.) |\n\n### Part 4: Questions with Modal Verbs\nThe rule is the same as for other verbs. The conjugated modal verb goes to the first position.\n* `Du kannst singen.` -> `Kannst du singen?` (Can you sing?)\n* `Er will mitkommen.` -> `Will er mitkommen?` (Does he want to come along?)\n* `Was willst du machen?` (What do you want to do?)","1. Memorize the sentence structure: **Modal in 2nd place, Main Verb at the end.**\n2. Write one sentence about something you **can** do. (`Ich kann...`)\n3. Write one sentence about something you **want** to do. (`Ich will...`)\n4. Unscramble this sentence: `du / ins / gehen / Kino / willst / ?`\n\n*(Answer to #4: Willst du ins Kino gehen?)*","Be careful with `ich will`. In a restaurant, saying `Ich will ein Wasser` sounds a bit demanding or childish. It's better to use the more polite `Ich hätte gern ein Wasser` or `Ich möchte ein Wasser`. `wollen` is fine for talking about your goals and plans.",""
17,"Modal Verbs II: 'müssen', 'sollen', 'dürfen'","## Lesson 17: Modal Verbs II ('müssen', 'sollen', 'dürfen')\nLet's complete our set of essential modal verbs. Today we'll learn `müssen` (must/to have to), `sollen` (should), and `dürfen` (may/to be allowed to). The sentence structure rule is exactly the same as yesterday!\n\n**Reminder of the Golden Rule:**\n**Modal Verb (conjugated) in 2nd position** + ... + **Main Verb (infinitive) at the end**.\n\n### Part 1: `müssen` (must, to have to)\n`müssen` expresses necessity or obligation. There is no choice.\n\n| Pronoun | `müssen` | Example |\n|---|---|---|\n| `ich` | `muss` | `Ich muss jetzt gehen.` (I have to go now.) |\n| `du` | `musst` | `Du musst die Hausaufgaben machen.` (You have to do the homework.) |\n| `er/sie/es` | `muss` | `Er muss arbeiten.` (He has to work.) |\n| `wir` | `müssen` | `Wir müssen den Zug nehmen.` (We have to take the train.) |\n| `ihr` | `müsst` | `Ihr müsst leise sein.` (You all must be quiet.) |\n| `sie/Sie` | `müssen` | `Sie müssen ein Ticket kaufen.` (They/You must buy a ticket.) |\n\n**Negation is tricky:** `nicht müssen` means ""not have to"" or ""don't need to"". It does NOT mean ""must not"".\n* `Du musst das nicht machen.` - You don't have to do that. (It's optional).\n\n### Part 2: `dürfen` (may, to be allowed to)\n`dürfen` expresses permission.\n\n| Pronoun | `dürfen` | Example |\n|---|---|---|\n| `ich` | `darf` | `Darf ich hier rauchen?` (Am I allowed to smoke here?) |\n| `du` | `darfst` | `Du darfst fernsehen.` (You are allowed to watch TV.) |\n| `er/sie/es` | `darf` | `Er darf mitspielen.` (He is allowed to play along.) |\n| `wir` | `dürfen` | `Wir dürfen das Auto nehmen.` (We are allowed to take the car.) |\n| `ihr` | `dürft` | `Ihr dürft jetzt gehen.` (You all may go now.) |\n| `sie/Sie` | `dürfen` | `Sie dürfen hier nicht parken.` (They/You are not allowed to park here.) |\n\n**Negation is important:** `nicht dürfen` means ""must not"" or ""not allowed to"". This is a prohibition.\n* `Man darf hier nicht rauchen.` - One must not smoke here. (It's forbidden).\n\n**`müssen` vs. `dürfen` in negation:**\n* `Du musst nicht gehen.` = You don't have to go. (You can if you want).\n* `Du darfst nicht gehen.` = You must not go. (You are forbidden from going).\n\n### Part 3: `sollen` (should, to be supposed to)\n`sollen` expresses a recommendation, advice, or a duty given by someone else.\n\n| Pronoun | `sollen` | Example |\n|---|---|---|\n| `ich` | `soll` | `Ich soll mehr Wasser trinken.` (I should drink more water.) |\n| `du` | `sollst` | `Du sollst dein Zimmer aufräumen.` (You are supposed to clean your room - Mom said so). |\n| `er/sie/es` | `soll` | `Der Arzt sagt, er soll im Bett bleiben.` (The doctor says he should stay in bed). |\n| `wir` | `sollen` | `Sollen wir anfangen?` (Should we start?) |\n| `ihr` | `sollt` | `Ihr sollt nicht so laut sein.` (You all shouldn't be so loud.) |\n| `sie/Sie` | `sollen` | `Sie sollen das Formular ausfüllen.` (You are supposed to fill out the form.) |\n\n**`sollen` vs. `müssen`:**\n* `Ich muss arbeiten.` (I have to work - it's a necessity, or I'll lose my job).\n* `Ich soll arbeiten.` (I am supposed to work - my boss told me to).","1. Choose the correct modal verb (`muss`, `darf`, or `soll`).\n    * `Ich habe Kopfschmerzen. Ich ______ eine Tablette nehmen.` (I have a headache. I ______ take a pill.)\n    * `Das ist eine Bibliothek. Man ______ hier nicht laut sprechen.` (This is a library. One ______ not speak loudly here.)\n    * `Mein Lehrer sagt, ich ______ mehr Vokabeln lernen.` (My teacher says I ______ learn more vocabulary.)\n2. Create a sentence about something you **have to** do today. (`Ich muss heute...`)\n3. Create a sentence about something you **are not allowed** to do at work/school. (`Ich darf nicht...`)\n\n*(Answers: soll/muss, darf, soll)*","",""
18,"Asking for and Giving Directions","## Lesson 18: Directions (Der Weg)\nGetting lost is a part of travel, but now you'll be able to ask for help! Today is all about asking for and giving simple directions.\n\n### Part 1: Asking for Directions\nThe most polite way to start is always `Entschuldigung...` (Excuse me...).\n* `Entschuldigung, wo ist der Bahnhof, bitte?` - Excuse me, where is the train station, please?\n* `Entschuldigung, wie komme ich zum (zu dem) Alexanderplatz?` - Excuse me, how do I get to Alexanderplatz?\n* `Entschuldigung, ich suche die Post.` - Excuse me, I'm looking for the post office.\n\n**Useful Places (Orte):**\n* `der Bahnhof` - train station\n* `der Supermarkt` - supermarket\n* `die Apotheke` - pharmacy\n* `die Bank` - bank\n* `das Krankenhaus` - hospital\n* `das Hotel` - hotel\n* `die U-Bahn-Station` - subway station\n* `die Bushaltestelle` - bus stop\n\n### Part 2: Giving Directions - Key Vocabulary\nHere are the building blocks for giving directions.\n\n**Basic Directions:**\n* `links` - left\n* `rechts` - right\n* `geradeaus` - straight ahead\n\n**Verbs (in command form):**\n* `Gehen Sie...` - Go... (Formal)\n* `Fahren Sie...` - Drive... (Formal)\n\n**Putting it together:**\n* `Gehen Sie geradeaus.` - Go straight ahead.\n* `Gehen Sie nach links.` / `Gehen Sie links.` - Go left.\n* `Gehen Sie nach rechts.` / `Gehen Sie rechts.` - Go right.\n\n**Prepositions are key:**\n* `bis zu` (until / up to): `Gehen Sie geradeaus **bis zur** (zu der) Ampel.` (Go straight ahead until the traffic light.)\n* `an ... vorbei` (past): `Gehen Sie **an der** Kirche vorbei.` (Go past the church.)\n* `durch` (through): `Fahren Sie **durch den** Park.` (Drive through the park.)\n* `über` (over, across): `Gehen Sie **über die** Brücke.` (Go over the bridge.)\n\n**Street Names:**\n* `Nehmen Sie die erste Straße links.` - Take the first street on the left.\n* `Biegen Sie in die Goethestraße ein.` - Turn into Goethe Street.\n\n### Part 3: Putting it all together in a Dialogue\n> **You:** `Entschuldigung, wie komme ich zum Bahnhof?`\n>\n> **A helpful German:** `Ah, der Bahnhof. Das ist einfach. Gehen Sie hier immer geradeaus, circa 200 Meter. Dann sehen Sie eine große Kreuzung. An der Kreuzung gehen Sie nach rechts. Gehen Sie an der Post vorbei. Der Bahnhof ist dann auf der linken Seite.`\n>\n> **You:** `Also, geradeaus, dann rechts an der Post vorbei. Vielen Dank!`\n>\n> **A helpful German:** `Gern geschehen!` (You're welcome!)\n\n**Breaking it down:**\n* `Gehen Sie hier immer geradeaus` - Go straight ahead from here\n* `circa 200 Meter` - about 200 meters\n* `Dann sehen Sie eine große Kreuzung` - Then you will see a big intersection\n* `An der Kreuzung gehen Sie nach rechts` - At the intersection, go right\n* `Gehen Sie an der Post vorbei` - Go past the post office\n* `Der Bahnhof ist dann auf der linken Seite` - The train station is then on the left side.","1. Memorize `links`, `rechts`, `geradeaus`.\n2. Practice asking for directions to the supermarket: `Entschuldigung, wo ist der Supermarkt?`\n3. Imagine you are at a corner. Give someone directions to go straight and then take the first street on the right. How would you say that?\n\n*(Answer to #3: Gehen Sie geradeaus und dann die erste Straße rechts.)*","It's okay if you don't understand everything! Listen for the key words: `links`, `rechts`, `geradeaus`. It's also perfectly fine to ask `Können Sie das bitte wiederholen?` (Can you please repeat that?).",""
19,"Shopping Vocabulary and Dialogue","## Lesson 19: Shopping (Einkaufen)\nLet's go shopping! Today you'll learn the vocabulary and phrases you need to buy things in a German shop, from clothes to souvenirs.\n\n### Part 1: Types of Shops\n* `das Geschäft` / `der Laden` - the shop / store\n* `das Kaufhaus` - department store\n* `die Bäckerei` - bakery\n* `die Metzgerei` / `Fleischerei` - butcher shop\n* `der Supermarkt` - supermarket\n* `der Markt` - market\n\n### Part 2: In the Shop - Useful Phrases\nWhen you enter a smaller shop, it's polite to say `Guten Tag`.\nA shop assistant (`Verkäufer/in`) might approach you and ask:\n* `Kann ich Ihnen helfen?` - Can I help you?\n* `Suchen Sie etwas Bestimmtes?` - Are you looking for something specific?\n\n**Your possible answers:**\n* `Nein danke, ich schaue nur.` - No thanks, I'm just looking. (Very useful!)\n* `Ja, ich suche...` - Yes, I'm looking for... (+ accusative object)\n    * `...einen Pullover.` (...a sweater.)\n    * `...ein Geschenk für meinen Bruder.` (...a gift for my brother.)\n* `Haben Sie das auch in einer anderen Farbe?` - Do you have this in another color?\n* `Haben Sie das in Größe M (Medium)?` - Do you have this in size M?\n* `Wo ist die Umkleidekabine?` - Where is the changing room?\n* `Was kostet das?` / `Wie viel kostet das?` - How much does that cost?\n\n**Clothing Vocabulary (die Kleidung):**\n* `die Hose` (pl.) - pants\n* `das Hemd` - shirt\n* `das T-Shirt` - T-shirt\n* `der Pullover` / `der Pulli` - sweater\n* `die Jacke` - jacket\n* `die Schuhe` (pl.) - shoes\n* `das Kleid` - dress\n* `der Rock` - skirt\n\n**Colors (die Farben):**\n`rot` (red), `grün` (green), `blau` (blue), `gelb` (yellow), `schwarz` (black), `weiß` (white), `grau` (gray), `braun` (brown)\n\n### Part 3: At the Cash Register (An der Kasse)\n* `Ich nehme das, bitte.` - I'll take this, please.\n* `Das macht zusammen 25 Euro.` - That's 25 Euros all together.\n* `Zahlen Sie mit Karte oder bar?` - Are you paying with card or cash?\n    * `Mit Karte, bitte.` - With card, please.\n    * `Bar, bitte.` - Cash, please.\n* `Haben Sie eine Tüte?` - Do you have a bag? (You often have to pay for bags).\n* `Möchten Sie den Kassenzettel?` - Would you like the receipt?\n* `Hier ist Ihr Rückgeld.` - Here is your change.\n\n### Part 4: Dialogue Practice\n> **Verkäuferin:** Guten Tag, kann ich Ihnen helfen?\n>\n> **You:** Ja, ich suche einen warmen Pullover.\n>\n> **Verkäuferin:** Pullover haben wir hier drüben. Welche Farbe möchten Sie?\n>\n> **You:** Ich mag blau oder grau.\n>\n> **Verkäuferin:** Wie gefällt Ihnen dieser hier in blau?\n>\n> **You:** Der ist sehr schön. Was kostet er?\n>\n> **Verkäuferin:** Er kostet 49 Euro.\n>\n> **You:** Okay, den nehme ich.\n>\n> **Verkäuferin (an der Kasse):** Das macht 49 Euro. Mit Karte oder bar?\n>\n> **You:** Mit Karte, bitte.","1. Memorize: `Ich schaue nur.` (I'm just looking.) and `Was kostet das?` (How much is it?).\n2. Imagine you want to buy a red T-shirt. What do you say to the shop assistant?\n3. You are at the cash register. The total is €14.50. You want to pay with cash. What do you say?\n\n*(Answer to #2: `Ja, ich suche ein rotes T-Shirt.`. Answer to #3: `Bar, bitte.`)*","",""
20,"Separable Prefix Verbs","## Lesson 20: Separable Prefix Verbs (Trennbare Verben)\nWelcome to a unique and very German verb category: separable prefix verbs! The idea is simple: the verb is made of two parts, a prefix and a stem. In a simple sentence, the two parts split up.\n\n### Part 1: The Concept\nA separable verb combines a prefix (like `an-`, `ein-`, `auf-`, `mit-`) with a main verb (like `rufen`, `kaufen`, `stehen`, `kommen`).\n* `anrufen` - to call (on the phone)\n* `einkaufen` - to shop for groceries\n* `aufstehen` - to get up/stand up\n* `mitkommen` - to come along/with\n\nThe prefix gives the verb a new, specific meaning.\n* `rufen` - to call/shout\n* `anrufen` - to call (on the phone)\n\n### Part 2: The Golden Rule of Separable Verbs\nIn a present tense sentence, the structure is:\n1.  The **verb stem is conjugated** and placed in the **second position**.\n2.  The **separable prefix** goes to the very **end of the sentence**.\n\n**Structure:** Subject + **Verb Stem** + ... other information ... + **Prefix**.\n* `anrufen` -> `Ich **rufe** meine Mutter **an**.` (I call my mother.)\n* `einkaufen` -> `Er **kauft** im Supermarkt **ein**.` (He shops at the supermarket.)\n* `aufstehen` -> `Wir **stehen** um 7 Uhr **auf**.` (We get up at 7 o'clock.)\n* `mitkommen` -> `**Kommst** du heute Abend **mit**?` (Are you coming along tonight?)\n\n### Part 3: Common Separable Prefixes\nHere are some common prefixes and the kind of meaning they add.\n* `an-` (at, on): `ankommen` (to arrive), `anmachen` (to turn on)\n* `aus-` (out): `aussehen` (to look, appear), `ausmachen` (to turn off)\n* `ein-` (in, into): `einladen` (to invite), `einsteigen` (to get in/on a vehicle)\n* `mit-` (with, along): `mitbringen` (to bring along), `mitmachen` (to participate)\n* `vor-` (before, forward): `vorbereiten` (to prepare), `vorstellen` (to introduce)\n* `zu-` (closed): `zumachen` (to close), `zuhören` (to listen to)\n* `auf-` (up, open): `aufmachen` (to open), `aufwachen` (to wake up)\n\n**Example with `machen`:**\n* `anmachen`: `Machst du bitte das Licht an?` (Will you please turn on the light?)\n* `ausmachen`: `Er macht den Fernseher aus.` (He turns off the TV.)\n* `aufmachen`: `Wir machen die Tür auf.` (We are opening the door.)\n* `zumachen`: `Kannst du das Fenster zumachen?` (Can you close the window?)\n\n### Part 4: With Modal Verbs\nWhat happens if you have a modal verb AND a separable verb? It gets easier!\nThe modal verb rule wins. The modal verb goes in position two, and the **entire separable verb (prefix + stem)** goes to the end in its infinitive form. The prefix does NOT separate.\n* `Ich muss meine Mutter **anrufen**.` (I have to call my mother.)\n* `Willst du heute **einkaufen**?` (Do you want to go shopping today?)\n* `Wir können später **mitkommen**.` (We can come along later.)","1. Memorize the structure: **Verb stem in 2nd place, Prefix at the end.**\n2. Create a sentence using `aufstehen`. `Ich stehe um ... Uhr auf.`\n3. Create a sentence using `anrufen` and a modal verb. `Ich soll ... anrufen.`\n4. Unscramble: `du / ein / lädst / mich / ?`\n\n*(Answer to #4: Lädst du mich ein? (Are you inviting me?))*","The prefix is the most important piece of new information, so it gets the final, emphatic position in the sentence. When you hear a sentence starting with `Ich kaufe...`, your brain has to wait until the very end to know if it's `Ich kaufe ein Auto` (I buy a car) or `Ich kaufe im Supermarkt ein` (I'm grocery shopping).",""
21,"Week 3 Review & Culture","## Lesson 21: Week 3 Review & Role-Playing\nYou've made it through week 3 and tackled some of the biggest topics in German grammar: the dative case, modal verbs, and separable verbs. Let's review and have some fun with it.\n\n### Part 1: Let's Review the Essentials\n**The Dative Case:**\n* Used for the indirect object (to/for whom).\n* Article changes: `dem` (m), `der` (f), `dem` (n), `den...-n` (pl).\n* Key verbs: `helfen`, `danken`, `gefallen`.\n* Key prepositions: `mit`, `nach`, `aus`, `zu`, `von`, `bei`, `seit`.\n* Example: `Ich helfe **dem** Mann.` `Wir fahren **mit dem** Bus.`\n\n**Modal Verbs (`können`, `wollen`, `müssen`, `dürfen`, `sollen`):**\n* Rule: Modal verb is conjugated in position 2, the main verb is infinitive at the end.\n* `Ich **kann** gut Deutsch **sprechen**.`\n* `Du **musst** heute **arbeiten**.`\n* `Wir **wollen** ins Kino **gehen**.`\n\n**Separable Verbs (`anrufen`, `einkaufen`):**\n* Rule: Verb stem is conjugated in position 2, the prefix goes to the end.\n* `Ich **rufe** dich später **an**.`\n* `Wann **stehst** du **auf**?`\n* With a modal verb, they stay together at the end: `Ich **muss** dich später **anrufen**.`\n\n### Part 2: Role-Playing Scenarios\nRead the scenario and think about what you would say in German.\n\n**Scenario 1: At the Doctor's Office**\nYou have a headache (`Kopfschmerzen`) and a fever (`Fieber`). The doctor (`der Arzt`) gives you advice.\n> **Arzt:** Guten Tag. Was fehlt Ihnen denn? (What's wrong?)\n>\n> **You:** Ich habe Kopfschmerzen und Fieber.\n>\n> **Arzt:** Okay. Ich gebe **Ihnen** ein Rezept. Sie **müssen** diese Tabletten nehmen. Und Sie **sollen** viel Wasser trinken und im Bett bleiben.\n>\n> **You:** Okay, vielen Dank. Wann **soll** ich wieder **arbeiten**?\n>\n> **Arzt:** Sie **dürfen** drei Tage **nicht arbeiten**.\n\n**Scenario 2: Making Plans**\nYou call your friend to invite them to a party.\n> **You:** Hallo Eva! Ich bin's, [Your Name]. Ich mache am Samstag eine Party. **Willst** du **mitkommen**?\n>\n> **Eva:** Oh super! Ja, gern! Wann **fängt** die Party **an**? (When does the party start?)\n>\n> **You:** Sie **fängt** um 20 Uhr **an**.\n>\n> **Eva:** Okay. **Soll** ich etwas **mitbringen**?\n>\n> **You:** Du **kannst** einen Salat **mitbringen**, wenn du willst.\n>\n> **Eva:** Super, mache ich. Bis Samstag!","1. Review the two role-playing dialogues. Read them out loud.\n2. Write a short plan for your ideal Saturday using at least two modal verbs and one separable verb. (e.g., `Am Samstag will ich lange schlafen. Ich stehe um 10 Uhr auf. Dann muss ich einkaufen...`)\n3. Relax! You are building a great foundation. `Schönes Wochenende!`","","* **Pfand (Deposit):** When you buy plastic or glass bottles and cans, you pay a small deposit (`Pfand`), usually €0.08 or €0.25. You get this money back when you return the empty bottles to a machine (`Pfandautomat`) in any supermarket. Don't throw them away!\n* **Cash is Still King:** While card payments are becoming more common, Germany is still very much a cash-based society. Small bakeries, market stalls, and some bars or cafés might only accept cash. It's always a good idea to have some Euros on you.\n* **Closing Times:** Unlike in many countries, most shops in Germany are closed on Sundays and public holidays. On Saturdays, they may close earlier (e.g., 6 or 8 PM). Plan your shopping accordingly! Supermarkets in train stations or airports are sometimes an exception.\n* **Bags:** You are expected to bring your own shopping bags. If you forget, you will have to buy one at the checkout."
22,"The Perfect Tense with 'haben'","## Lesson 22: Talking About the Past - The Perfect Tense with 'haben'\nSo far, we've only spoken in the present tense. Today, you'll learn the most common way to talk about the past in spoken German: the Perfect Tense (das Perfekt).\n\n### Part 1: The Concept of the Perfect Tense\nThe German Perfect Tense is formed with a **helping verb** (`haben` or `sein`) and a **past participle**. It's similar to the English ""I have seen"" or ""He has worked"".\nToday, we focus on the majority of verbs, which use `haben` as the helping verb.\n\n**The Structure:**\n1.  The helping verb **`haben` is conjugated** and placed in the **second position**.\n2.  The **past participle** of the main verb goes to the very **end of the sentence**.\n\n**Structure:** Subject + **`haben` (conjugated)** + ... other information ... + **Past Participle**.\n* `Ich lerne Deutsch.` (I learn German.) -> Present Tense\n* `Ich **habe** Deutsch **gelernt**.` (I have learned / I learned German.) -> Perfect Tense\n\n### Part 2: Forming the Past Participle (Partizip II)\n**A) For Regular Verbs ('weak' verbs):**\nThe rule is simple: **ge-** + **verb stem** + **-t**\n* `machen` -> `ge-mach-t` -> `gemacht`\n* `lernen` -> `ge-lern-t` -> `gelernt`\n* `kaufen` -> `ge-kauf-t` -> `gekauft`\n* `spielen` -> `ge-spiel-t` -> `gespielt`\n* `kochen` -> `ge-koch-t` -> `gekocht`\n\n**Example Sentences:**\n* `Was hast du gestern gemacht?` (What did you do yesterday?)\n* `Ich habe gestern Fußball gespielt.` (I played football yesterday.)\n* `Wir haben eine Pizza gekocht.` (We cooked a pizza.)\n\n**B) For Verbs ending in `-ieren`:**\nThese verbs do not get a `ge-`. They just add a `-t`.\n* `studieren` -> `studiert`\n* `fotografieren` -> `fotografiert`\n* `telefonieren` -> `telefoniert`\n* `Ich habe in Berlin studiert.` (I studied in Berlin.)\n\n**C) For Separable Verbs:**\nThe `-ge-` gets stuck in the middle, between the prefix and the stem.\n* `einkaufen` -> `ein-ge-kauft` -> `eingekauft`\n* `anrufen` -> `an-ge-rufen` (irregular, see below)\n* `aufmachen` -> `auf-ge-macht` -> `aufgemacht`\n* `Sie hat gestern eingekauft.` (She went grocery shopping yesterday.)\n* `Er hat die Tür aufgemacht.` (He opened the door.)\n\n### Part 3: Irregular Verbs ('strong' verbs)\nIrregular verbs have irregular past participles. They often end in **-en** and sometimes have a vowel change. You have to memorize them.\n* `sprechen` -> `gesprochen`\n* `lesen` -> `gelesen`\n* `sehen` -> `gesehen`\n* `schreiben` -> `geschrieben`\n* `trinken` -> `getrunken`\n* `helfen` -> `geholfen`\n* `nehmen` -> `genommen`\n\n**Example Sentences:**\n* `Ich habe mit ihm gesprochen.` (I spoke with him.)\n* `Hast du das Buch gelesen?` (Have you read the book?)\n* `Wir haben einen Film gesehen.` (We watched a film.)\n* `Sie hat eine E-Mail geschrieben.` (She wrote an email.)","1. Memorize the structure: **`haben` in 2nd place, Past Participle at the end.**\n2. Turn these present tense sentences into the perfect tense.\n    * `Ich mache meine Hausaufgaben.`\n    * `Du kaufst das Brot.`\n    * `Wir sehen einen Film.`\n3. Answer the question in a full sentence: `Was hast du gestern Abend gemacht?` (Use a verb you learned today).\n\n*(Answers to #2: `Ich habe meine Hausaufgaben gemacht.` `Du hast das Brot gekauft.` `Wir haben einen Film gesehen.`)*","",""
23,"The Perfect Tense with 'sein'","## Lesson 23: Talking About the Past - The Perfect Tense with 'sein'\nYesterday we learned how to form the perfect tense with `haben`. A smaller, but very important, group of verbs uses `sein` (to be) as the helping verb instead.\n\n### Part 1: When to Use 'sein'?\nThe rule is quite clear. You use `sein` as the helping verb for two main types of verbs:\n\n**1. Verbs of Motion from A to B:**\nThese are verbs that describe a change of location.\n* `gehen` - to go/walk (`Ich bin nach Hause gegangen.` - I went home.)\n* `fahren` - to drive/go (`Wir sind nach Berlin gefahren.` - We drove to Berlin.)\n* `fliegen` - to fly (`Er ist nach Spanien geflogen.` - He flew to Spain.)\n* `kommen` - to come (`Sie ist gestern angekommen.` - She arrived yesterday.)\n* `reisen` - to travel (`Ich bin durch Deutschland gereist.` - I traveled through Germany.)\n* `laufen` - to run (`Du bist sehr schnell gelaufen.` - You ran very fast.)\n\n**2. Verbs of State Change:**\nThese are verbs that describe a change in condition or state of being.\n* `aufstehen` - to get up (`Ich bin um 7 Uhr aufgestanden.` - I got up at 7.)\n* `einschlafen` - to fall asleep (`Das Baby ist eingeschlafen.` - The baby has fallen asleep.)\n* `aufwachen` - to wake up (`Wir sind spät aufgewacht.` - We woke up late.)\n* `sterben` - to die (`Er ist letztes Jahr gestorben.` - He died last year.)\n* `wachsen` - to grow (`Die Pflanze ist schnell gewachsen.` - The plant grew quickly.)\n\n**And three very important verbs:**\n* `sein` (to be) -> `Ich bin in Deutschland gewesen.` (I have been to Germany.)\n* `bleiben` (to stay) -> `Wir sind zu Hause geblieben.` (We stayed at home.)\n* `werden` (to become) -> `Er ist Arzt geworden.` (He became a doctor.)\n\n### Part 2: The Structure\nThe sentence structure is exactly the same as with `haben`. You just swap `haben` for `sein`.\n\n**Structure:** Subject + **`sein` (conjugated)** + ... other information ... + **Past Participle**.\n\nLet's compare:\n* `Ich **habe** einen Apfel **gegessen**.` (I ate an apple.) - `essen` is a normal action, so it uses `haben`.\n* `Ich **bin** ins Kino **gegangen**.` (I went to the cinema.) - `gehen` is a verb of motion, so it uses `sein`.\n\n### Part 3: Past Participles\nThe past participles are formed in the same way we learned yesterday. Many of the `sein` verbs are irregular ('strong') verbs, so you need to memorize their participles.\n* `gehen` -> `gegangen`\n* `fahren` -> `gefahren`\n* `kommen` -> `gekommen`\n* `fliegen` -> `geflogen`\n* `bleiben` -> `geblieben`\n* `sein` -> `gewesen`\n* `aufstehen` -> `aufgestanden` (separable)","1. Decide if the verb takes `haben` or `sein`.\n    * `lernen` (to learn)\n    * `reisen` (to travel)\n    * `kochen` (to cook)\n    * `aufwachen` (to wake up)\n    * `lesen` (to read)\n2. Complete the sentences with the correct form of `haben` or `sein`.\n    * `Ich ______ gestern nach München gefahren.`\n    * `Wir ______ Pizza gegessen.`\n    * `______ du schon in Paris gewesen?`\n3. Answer the question in a full sentence: `Wohin bist du letztes Jahr gereist?` (Where did you travel last year?) If you didn't travel, you can say: `Ich bin zu Hause geblieben.`\n\n*(Answers to #1: haben, sein, haben, sein, haben. Answers to #2: bin, haben, Bist)*","",""
24,"Conjunctions (Position 0)","## Lesson 24: Connecting Ideas - Basic Conjunctions\nConjunctions are words that connect sentences or parts of sentences. Today we'll learn the easiest group, the 'Position 0' conjunctions. They are called this because they don't affect the word order of the sentence that follows them. They sit 'outside' the main sentence structure.\n\n### Part 1: The ADUSO Conjunctions\nA good mnemonic to remember these is **ADUSO**:\n* **A**ber - but, however\n* **D**enn - because, for\n* **U**nd - and\n* **S**ondern - but, rather (used after a negative)\n* **O**der - or\n\n### Part 2: How They Work\nWhen you use an ADUSO conjunction to connect two full sentences (clauses), the word order in the second sentence is exactly the same as a normal sentence.\n\n**Structure:** Sentence 1 + **,** + **ADUSO Conjunction** + **Subject** + **Verb** + ...\n* `Ich lerne Deutsch.` + `Es ist schwer.`\n* `Ich lerne Deutsch, **aber** es ist schwer.` (I learn German, but it is difficult.)\n* `Ich trinke Kaffee.` + `Ich lese die Zeitung.`\n* `Ich trinke Kaffee **und** ich lese die Zeitung.` (I drink coffee and I read the newspaper.)\n\nNotice how after `aber` and `und`, the sentence starts normally with the subject (`es`, `ich`) and then the verb (`ist`, `lese`). The conjunction is in 'position 0'.\n\n### Part 3: Examples for each Conjunction\n**`und` (and)** - Joins two similar ideas.\n* `Ich gehe ins Kino und mein Bruder bleibt zu Hause.` (I'm going to the cinema and my brother is staying home.)\n\n**`aber` (but, however)** - Joins two contrasting ideas.\n* `Ich möchte schlafen, aber ich muss arbeiten.` (I would like to sleep, but I have to work.)\n* `Das Wetter ist schön, aber es ist ein bisschen kalt.` (The weather is nice, but it's a bit cold.)\n\n**`oder` (or)** - Joins two alternatives.\n* `Trinken wir einen Kaffee oder gehen wir spazieren?` (Are we drinking a coffee or are we going for a walk?)\n* `Am Wochenende fahre ich nach Berlin oder ich bleibe zu Hause.` (On the weekend I'm going to Berlin or I'm staying home.)\n\n**`denn` (because, for)** - Gives a reason. It's a direct equivalent of `weil`, but `weil` changes the word order (we'll learn this tomorrow!). `denn` is easier.\n* `Ich lerne Deutsch, denn ich möchte in Deutschland arbeiten.` (I'm learning German because I want to work in Germany.)\n* `Er kann nicht kommen, denn er ist krank.` (He can't come because he is sick.)\n\n**`sondern` (but, on the contrary)** - This one is special. You use it after a **negative statement** to correct it with the true information.\n* `Er kommt nicht aus England, **sondern** er kommt aus Australien.` (He doesn't come from England, but rather he comes from Australia.)\n* `Das ist kein Apfel, **sondern** das ist eine Birne.` (That is not an apple, but rather it is a pear.)\nYou can't use `aber` here. `aber` adds a contrast, `sondern` makes a correction.","1. Memorize ADUSO: `aber, denn, und, sondern, oder`.\n2. Connect the sentences using the best conjunction.\n    * `Ich mag Kaffee. Ich mag Tee.` (und)\n    * `Ich will schwimmen gehen. Das Wasser ist zu kalt.` (aber)\n    * `Wir fahren nicht nach Hamburg. Wir fahren nach München.` (sondern)\n    * `Ich bleibe zu Hause. Ich bin müde.` (denn)\n3. Create one sentence of your own using `aber` or `und`.","",""
25,"Subordinating Conjunctions ('weil', 'dass', 'wenn')","## Lesson 25: The Verb-Last Rule - Subordinating Conjunctions\nGet ready for a big shift in word order! Today we learn about subordinating conjunctions. These words connect a main clause to a dependent (subordinate) clause. When you use them, they kick the conjugated verb of their clause to the very end.\n\n### Part 1: The Golden Rule of Subordinate Clauses\nWhen a clause starts with a subordinating conjunction (like `weil`, `dass`, or `wenn`):\n1.  The **conjugated verb** moves from the second position to the **very last position** in that clause.\n\n**Structure:** Main Clause + **,** + **Sub. Conjunction** + Subject + ... other info ... + **Conjugated Verb**.\n\nLet's see it in action with `weil` (because).\n* Main Clause: `Ich lerne Deutsch.`\n* Reason Clause: `Ich will in Deutschland arbeiten.`\n* Combined: `Ich lerne Deutsch, **weil** ich in Deutschland arbeiten **will**.`\n    * Notice how the modal verb `will` gets kicked to the end of its clause.\n\n### Part 2: Key Subordinating Conjunctions\n**`weil` (because)** - Gives a reason.\n* `Er kommt nicht, weil er krank **ist**.` (He isn't coming because he is sick.)\n* `Wir essen jetzt, weil wir Hunger **haben**.` (We are eating now because we are hungry.)\n* **`denn` vs `weil`**: They both mean 'because'. `denn` is Position 0 (normal word order). `weil` is subordinating (verb last). `weil` is more common in spoken German.\n    * `... denn er ist krank.`\n    * `... weil er krank ist.`\n\n**`dass` (that)** - Used to report what someone said, thought, or knows.\n* `Ich denke, **dass** Deutsch interessant **ist**.` (I think that German is interesting.)\n* `Er sagt, **dass** er müde **ist**.` (He says that he is tired.)\n* `Ich weiß, **dass** du Recht **hast**.` (I know that you are right.)\n\n**`wenn` (if, when)** - Used for conditions ('if') or for repeated/regular events in the past or present ('when'/'whenever').\n* `**Wenn** das Wetter schön **ist**, gehen wir spazieren.` (If the weather is nice, we'll go for a walk.)\n    * **Note!** If the subordinate clause comes first, the main clause starts with the verb!\n* `Ich trinke immer Tee, **wenn** ich krank **bin**.` (I always drink tea when I am sick.)\n* `Ruf mich an, **wenn** du ankommst.` (Call me when you arrive.)\n\n### Part 3: With Separable and Perfect Tenses\nThe verb-last rule applies to all verbs.\n**Separable Verbs:** The prefix and stem re-join at the end.\n* `Ich rufe dich an.` -> `...weil ich dich **anrufe**.`\n* `Er kauft ein.` -> `...weil er **einkauft**.`\n\n**Perfect Tense:** The helping verb (`haben`/`sein`) is the conjugated verb, so it goes to the end, *after* the participle.\n* `Ich habe gearbeitet.` -> `...weil ich gearbeitet **habe**.`\n* `Er ist gefahren.` -> `...weil er gefahren **ist**.`\n\nThis is considered the most difficult word order for learners, but it's very logical. The conjugated verb always goes last.","1. Memorize the rule: **Subordinating conjunction -> Verb to the end.**\n2. Finish the sentence: `Ich lerne Deutsch, weil...`\n3. Combine the sentences using `dass`: `Er sagt: ""Ich habe keine Zeit.""` -> `Er sagt, dass...`\n4. Combine using `wenn`: `Das Wetter ist gut. Wir grillen.` -> `Wenn das Wetter gut ist, ...`\n\n*(Answers: 2. (example) ...ich es interessant finde. 3. ...er keine Zeit hat. 4. ...grillen wir.)*","",""
26,"Possessive Articles ('mein', 'dein', 'sein')","## Lesson 26: Possessive Articles (mein, dein, sein)\nToday we'll learn how to talk about possession. Possessive articles in German work like `my`, `your`, `his`, etc. They are placed before a noun and, importantly, they must take endings that agree with the gender, case, and number of that noun.\n\n### Part 1: The Basic Forms\nEach personal pronoun has a corresponding possessive article.\n\n| Pronoun | Possessive Article (base form) | English |\n|---|---|---|\n| `ich` | `mein` | my |\n| `du` | `dein` | your (inf.) |\n| `er` | `sein` | his |\n| `es` | `sein` | its |\n| `sie` | `ihr` | her |\n| `wir` | `unser` | our |\n| `ihr` | `euer` | your (pl. inf.) |\n| `sie` | `ihr` | their |\n| `Sie` | `Ihr` | your (formal) |\n\n**`ihr` / `Ihr` Confusion:** Yes, `ihr` can mean 'her', 'their', or 'your' (formal, when capitalized). Context is your best friend!\n* `Das ist **ihr** Auto.` (her car OR their car)\n* `Ist das **Ihr** Auto, Frau Schmidt?` (Is that your car, Mrs. Schmidt?)\n\n### Part 2: The Endings (Nominative & Accusative)\nThe endings for possessive articles are **exactly the same** as the endings for the indefinite article `ein`. This is great news! You already know this pattern.\n\n**Nominative Case (Subject):**\n* Masculine (`der`): `mein Hund`\n* Feminine (`die`): `mein**e** Katze`\n* Neuter (`das`): `mein Buch`\n* Plural (`die`): `mein**e** Kinder`\n\n**Accusative Case (Direct Object):**\n* Masculine (`den`): `Ich sehe mein**en** Hund.`\n* Feminine (`die`): `Ich sehe mein**e** Katze.`\n* Neuter (`das`): `Ich sehe mein Buch.`\n* Plural (`die`): `Ich sehe mein**e** Kinder.`\n\n**Summary Table of Endings:**\n\n| Case | Masculine | Feminine | Neuter | Plural |\n|---|---|---|---|---|\n| **Nominative** | `-` | `-e` | `-` | `-e` |\n| **Accusative** | `-en` | `-e` | `-` | `-e` |\n\n**Example with `sein` (his):**\n* `**Sein** Bruder ist nett.` (Nom, m)\n* `**Seine** Schwester ist auch nett.` (Nom, f)\n* `Ich kenne **seinen** Bruder.` (Acc, m)\n* `Ich kenne **seine** Schwester.` (Acc, f)\n\n**Special case `euer` (your):** When it takes an ending, it often drops the 'e': `eure`, `euren`.\n\n### Part 3: In the Dative Case (A Preview)\nThe pattern continues! The endings are the same as `einem`, `einer`, `einem`.\n* `mit mein**em** Bruder` (with my brother)\n* `aus dein**er** Tasche` (from your bag)\n* `zu unser**em** Haus` (to our house)","1. Match the pronoun to the possessive: `ich` -> `mein`, `er` -> ?, `sie` (she) -> ?, `wir` -> ?\n2. Fill in the blanks with the correct form of `mein`.\n    * `Das ist ______ (m, nom) Vater.`\n    * `Das ist ______ (f, nom) Mutter.`\n    * `Ich liebe ______ (f, acc) Mutter.`\n    * `Ich besuche ______ (m, acc) Vater.`\n3. Translate: ""Her dog is small."" and ""I see her dog.""\n\n*(Answers: 1. sein, ihr, unser. 2. mein, meine, meine, meinen. 3. `Ihr Hund ist klein.` and `Ich sehe ihren Hund.`)*","",""
27,"Family Vocabulary","## Lesson 27: The Family (Die Familie)\nToday we'll use our new knowledge of possessive articles to talk about one of the most important topics: family!\n\n### Part 1: Core Family Members\nMost family member nouns have both a masculine and a feminine form.\n\n| Masculine | Feminine | Plural |\n|---|---|---|\n| `der Vater` (father) | `die Mutter` (mother) | `die Eltern` (parents) |\n| `der Sohn` (son) | `die Tochter` (daughter) | `die Kinder` (children) |\n| `der Bruder` (brother) | `die Schwester` (sister) | `die Geschwister` (siblings) |\n| `der Großvater / Opa` (grandfather) | `die Großmutter / Oma` (grandmother) | `die Großeltern` (grandparents) |\n| `der Ehemann` (husband) | `die Ehefrau` (wife) | `die Eheleute` (married couple) |\n| `der Onkel` (uncle) | `die Tante` (aunt) | |\n| `der Cousin` (male cousin) | `die Cousine` (female cousin) | |\n\n### Part 2: Describing Your Family\nLet's put it all together with possessive articles and verbs we know.\n* `Das ist **mein** Vater. **Sein** Name ist Klaus.` (This is my father. His name is Klaus.)\n* `Das ist **meine** Mutter. **Ihr** Name ist Monika.` (This is my mother. Her name is Monika.)\n* `Ich habe **einen** Bruder. **Er** ist 25 Jahre alt.` (I have a brother. He is 25 years old.)\n* `**Meine** Schwester wohnt in Hamburg.` (My sister lives in Hamburg.)\n* `Wie heißen **deine** Eltern?` (What are your parents' names?)\n* `**Unsere** Familie ist nicht sehr groß.` (Our family is not very big.)\n\n### Part 3: Marital Status (Der Familienstand)\nHow to describe your relationship status.\n* `Ich bin ledig.` - I am single.\n* `Ich bin verheiratet.` - I am married.\n* `Ich bin geschieden.` - I am divorced.\n* `Ich bin verwitwet.` - I am widowed.\n* `Ich habe einen festen Freund / eine feste Freundin.` - I have a boyfriend / a girlfriend.\n\n**Dialogue Example:**\n> **Alex:** Hast du Geschwister?\n>\n> **Maria:** Ja, ich habe eine Schwester. Sie heißt Julia. Und du?\n>\n> **Alex:** Ich habe zwei Brüder. Sie sind älter als ich.\n>\n> **Maria:** Wohnen deine Eltern auch hier in der Stadt?\n>\n> **Alex:** Nein, meine Eltern wohnen in einem kleinen Dorf. Mein Vater ist Rentner (retired) und meine Mutter ist Lehrerin.","1. Draw a small, simple family tree for your own family or a fictional one. Label the people with the German words (`Vater`, `Mutter`, etc.).\n2. Write two sentences about your family using possessive articles. (e.g., `Mein Bruder heißt...` `Meine Mutter arbeitet als...`)\n3. Learn how to say your own marital status in German.","`Geschwister` is a useful word that doesn't exist in English. If someone asks `Hast du Geschwister?` (Do you have siblings?), you can answer `Ja, ich habe einen Bruder und eine Schwester.`",""
28,"Hobbies and Free Time","## Lesson 28: Hobbies & Free Time (Freizeit)\nWhat do you do for fun? Today you'll learn how to talk about your hobbies and what you do in your free time. This is a great topic for making conversation and getting to know people.\n\n### Part 1: Asking About Hobbies\n* `Was sind deine Hobbys?` - What are your hobbies?\n* `Was machst du in deiner Freizeit?` - What do you do in your free time?\n* `Hast du Hobbys?` - Do you have hobbies?\n\n### Part 2: Talking About Your Hobbies\n**Using Verbs:** The easiest way is to just use a verb.\n* `Ich lese gern.` - I like to read.\n* `Ich koche gern.` - I like to cook.\n* `Ich reise gern.` - I like to travel.\n* `Ich höre gern Musik.` - I like to listen to music.\n* `Ich spiele gern Fußball/Gitarre/Videospiele.` - I like to play football/guitar/video games.\n* `Ich treffe gern Freunde.` - I like to meet friends.\n\n**The Magic Word `gern`:**\nAdding `gern` (or `gerne`) after the verb is the most common and natural way to say you like doing something.\n* `Ich schwimme.` - I swim / I am swimming.\n* `Ich schwimme gern.` - I like to swim.\n\nTo say you *love* doing something, you can say `sehr gern`.\n* `Ich tanze sehr gern.` - I love to dance.\n\nTo say you *don't* like doing something, use `nicht gern`.\n* `Ich singe nicht gern.` - I don't like to sing.\n\n**Using Nouns:** You can also say ""My hobby is..."".\n* `Mein Hobby ist Lesen.` - My hobby is reading.\n* `Meine Hobbys sind Kochen und Reisen.` - My hobbies are cooking and traveling.\n\n### Part 3: More Hobby Vocabulary\n* `ins Kino gehen` - to go to the cinema\n* `Serien schauen` - to watch series\n* `Sport machen / treiben` - to do sports\n* `wandern gehen` - to go hiking\n* `Fahrrad fahren` - to ride a bike\n* `fotografieren` - to photograph\n* `im Garten arbeiten` - to work in the garden\n* `malen` - to paint\n* `tanzen` - to dance\n* `schwimmen` - to swim\n\n### Part 4: A Dialogue About Hobbies\n> **Jonas:** Was machst du gern am Wochenende?\n>\n> **Lena:** Am Wochenende schlafe ich gern lange! Und ich treffe gern meine Freunde. Manchmal gehen wir ins Kino. Und du? Machst du Sport?\n>\n> **Jonas:** Ja, ich spiele gern Tennis. Und im Winter fahre ich gern Ski. Liest du gern?\n>\n> **Lena:** Ja, ich lese sehr gern, besonders Krimis (crime novels).\n>\n> **Jonas:** Cool! Ich lese nicht so gern. Ich höre lieber Podcasts.\n\n**`lieber` - to prefer**\n`lieber` is the comparative of `gern`. It means 'to prefer to do'.\n* `Ich trinke gern Kaffee, aber ich trinke lieber Tee.` (I like to drink coffee, but I prefer to drink tea.)","1. Learn the phrase `... gern`.\n2. Answer the question in a full sentence: `Was machst du gern in deiner Freizeit?` (Write at least two things).\n3. Ask a friend or family member (in English is fine!) what their hobbies are, and then try to say their answer in German. (e.g., `Meine Mutter kocht gern.`)","",""
29,"Putting It All Together: Writing an Email","## Lesson 29: Writing a Short Email\nYou've learned so much! Today, let's put it all together by writing a short, informal email to a German friend. This will practice greetings, past tense, future plans, and conjunctions.\n\n### Part 1: Structure of an Informal Email\n1.  **Greeting (Anrede):**\n    * `Hallo [Name],`\n    * `Liebe [Female Name],` (Dear...)\n    * `Lieber [Male Name],` (Dear...)\n    * **Important:** After the greeting, the first word of the email is written in **lowercase**.\n\n2.  **Opening Line:**\n    * `wie geht es dir?` (How are you?)\n    * `vielen Dank für deine E-Mail.` (Thanks for your email.)\n    * `ich hoffe, alles ist gut bei dir.` (I hope everything is well with you.)\n\n3.  **Main Body (Hauptteil):**\n    * This is where you write what you want to say. Use the Perfect Tense to talk about your week and modal verbs to talk about plans.\n\n4.  **Closing Line (Grußformel):**\n    * `Viele Grüße` (Best regards)\n    * `Liebe Grüße` (Warm regards, literally 'love greetings')\n    * `Bis bald` (See you soon)\n    * **Important:** There is **no comma** after the closing line.\n\n5.  **Your Name:**\n    * Just your first name.\n\n### Part 2: Sample Email\nLet's analyze a sample email from Alex to his friend Julia.\n\n**Subject: `Wochenende in Berlin`**\n\n`Liebe Julia,`\n\n`vielen Dank für deine E-Mail. Mir geht es sehr gut, aber ich habe viel gearbeitet.`\n\n`Letztes Wochenende war super. Ich bin nach Berlin gefahren, weil mein Freund Geburtstag hatte. Wir haben eine große Party gemacht und viel getanzt. Am Sonntag haben wir ein Museum besucht und am Abend habe ich einen Film gesehen.`\n\n`Nächstes Wochenende will ich zu Hause bleiben und ein Buch lesen. Ich muss auch meine Wohnung aufräumen. Was sind deine Pläne? Fährst du zu deinen Eltern?`\n\n`Ich hoffe, wir können bald wieder telefonieren.`\n\n`Viele Grüße`\n`Alex`\n\n### Part 3: Let's Break It Down\n* **Greeting:** `Liebe Julia,`\n* **Opening:** `vielen Dank...` (Thanks...), `Mir geht es sehr gut...` (I'm doing well...), `aber ich habe viel gearbeitet.` (but I have worked a lot.) - *Perfect tense with `haben`*\n* **Paragraph 2 (Past):**\n    * `Ich bin nach Berlin gefahren...` - *Perfect tense with `sein`*\n    * `...weil mein Freund Geburtstag hatte.` - *Subordinate clause with `weil`*\n    * `Wir haben... gemacht und... getanzt.` - *Perfect tense*\n    * `Am Sonntag haben wir... besucht und... gesehen.` - *Perfect tense*\n* **Paragraph 3 (Future/Plans):**\n    * `...will ich... bleiben und... lesen.` - *Modal verb `wollen`*\n    * `Ich muss auch... aufräumen.` - *Modal verb `müssen` with a separable verb `aufräumen`*\n    * `Was sind deine Pläne?` - *Question*\n* **Closing:** `Ich hoffe, wir können bald... telefonieren.` - *Hoping with modal verb*\n* **Sign-off:** `Viele Grüße` and `Alex`.","Write your own short email (4-6 sentences) to a fictional German friend named `Max`.\n1. Start with `Lieber Max,`.\n2. Say how you are.\n3. Write 2-3 sentences about what you did last weekend (use the Perfect Tense).\n4. Write 1-2 sentences about what you want to do next weekend (use a modal verb).\n5. End with `Viele Grüße` and your name.","",""
30,"Final Review & Next Steps","## Lesson 30: Final Review & Your Next Steps!\nHerzlichen Glückwunsch! Congratulations! You have completed this 30-day introduction to A1 German. You have built a fantastic foundation. Today is for reviewing the biggest concepts and thinking about where to go from here.\n\n### Part 1: The Core Pillars of A1 German\nLet's quickly recap the most important structures you've learned.\n\n**1. Verb Position is King:**\n* **Normal Sentence:** Verb in **Position 2**. (`Ich lerne heute Deutsch.`)\n* **Yes/No Question:** Verb in **Position 1**. (`Lernst du heute Deutsch?`)\n* **Modal Verb:** Modal in **Position 2**, main verb infinitive at the **END**. (`Ich will heute Deutsch lernen.`)\n* **Separable Verb:** Stem in **Position 2**, prefix at the **END**. (`Ich rufe dich heute an.`)\n* **Perfect Tense:** Helper (`haben/sein`) in **Position 2**, participle at the **END**. (`Ich habe gestern Deutsch gelernt.`)\n* **Subordinate Clause (`weil`, `dass`...):** Verb kicked to the **END** of its clause. (`...weil ich Deutsch gelernt habe.`)\n\n**2. The Case System:**\n* **Nominative:** The subject. The 'doer' of the action. (`Der Hund` schläft.)\n* **Accusative:** The direct object. The 'receiver' of the action. The only major change is `der` -> `den`. (Ich sehe `den Hund`.)\n* **Dative:** The indirect object. 'To/for whom'. (Ich gebe `dem Hund` das Futter.)\n\n**3. Gender is Unavoidable:**\n* Every noun has a gender (`der`, `die`, `das`). You must learn it with the noun. This affects all the articles (`ein/eine`, `mein/meine`, `den/die/das`, etc.).\n\n### Part 2: A1 Exam Tips\nIf you are thinking of taking an official A1 exam (like from the Goethe-Institut or Telc), here's what to expect:\n* **Hören (Listening):** You'll hear short announcements (e.g., at a train station) and simple conversations. The key is to listen for specific information (a time, a platform number, a name).\n* **Lesen (Reading):** You'll read short emails, advertisements, and signs. Again, the goal is to find specific information.\n* **Schreiben (Writing):** You will have to fill out a form (name, address, etc.) and write a very short, simple email, just like we practiced yesterday.\n* **Sprechen (Speaking):** This is often done in a small group. You will have to:\n    1.  Introduce yourself (`Ich heiße...`, `Ich komme aus...`, `Meine Hobbys sind...`).\n    2.  Ask for and give simple information (e.g., you get a card with the word `Wochenende` and have to form a question: `Was machen Sie am Wochenende?`).\n    3.  Make a request (e.g., you get a card with a picture of a glass of water and have to say `Ich hätte gern ein Wasser, bitte.`).\n\n### Part 3: What's Next? Your Journey to A2\nYou've built the ground floor. Now it's time to build the next level. A2 German is where you start to feel more comfortable and fluent. Topics include:\n* More tenses (the simple past/Präteritum, for reading stories).\n* Reflexive verbs (`sich waschen` - to wash oneself).\n* Adjective endings (the final big grammar hurdle!).\n* More complex sentence structures and conjunctions.\n* Comparatives and superlatives (big, bigger, biggest).\n\n**How to Keep Learning:**\n* **Consistency is key:** 15-30 minutes every day is better than 3 hours once a week.\n* **Consume German Media:** Find German musicians you like, watch children's TV shows (`Peppa Wutz`, `Die Sendung mit der Maus`), or try a 'slow German' news podcast.\n* **Speak!** Find a language partner online, talk to yourself in German, or join a conversation group. Don't be afraid to make mistakes. Mistakes are proof that you are trying.\n* **Review:** Go back over these 30 lessons from time to time. You'll be surprised how much more you understand the second time around.\n\nYou have done an amazing job. Be proud of your progress.\nViel Erfolg auf deinem weiteren Weg! (Good luck on your further journey!)","","",""
